item,sentence,condition,head_num,attr_num,verb_num,verb,surprisal,model
1,Абонемент на концерт был дорогим из-за участия популярных артистов,SG-SG-SG,SG,SG,SG,артистов,15.12886905670166,rubert
1,Абонемент на концерт были дорогими из-за участия популярных артистов,SG-SG-PL,SG,SG,PL,артистов,15.294105529785156,rubert
1,Абонемент на концерты был дорогим из-за участия популярных артистов,SG-PL-SG,SG,PL,SG,артистов,15.034881591796875,rubert
1,Абонемент на концерты были дорогими из-за участия популярных артистов,SG-PL-PL,SG,PL,PL,артистов,15.303680419921875,rubert
1,Абонементы на концерт был дорогим из-за участия популярных артистов,PL-SG-SG,PL,SG,SG,артистов,15.097441673278809,rubert
1,Абонементы на концерт были дорогими из-за участия популярных артистов,PL-SG-PL,PL,SG,PL,артистов,15.858283996582031,rubert
1,Абонементы на концерты был дорогим из-за участия популярных артистов,PL-PL-SG,PL,PL,SG,артистов,14.072047233581543,rubert
1,Абонементы на концерты были дорогими из-за участия популярных артистов,PL-PL-PL,PL,PL,PL,артистов,15.733026504516602,rubert
2,Анекдот про экзамен для строгого пожилого учителя был обидным,SG-SG-SG,SG,SG,SG,обидным,14.484434127807617,rubert
2,Анекдот про экзамен для строгого пожилого учителя были обидными,SG-SG-PL,SG,SG,PL,обидными,17.50468635559082,rubert
2,Анекдот про экзамены для строгого пожилого учителя был обидным,SG-PL-SG,SG,PL,SG,обидным,14.417810440063477,rubert
2,Анекдот про экзамены для строгого пожилого учителя были обидными,SG-PL-PL,SG,PL,PL,обидными,16.56151580810547,rubert
2,Анекдоты про экзамен для строгого пожилого учителя был обидным,PL-SG-SG,PL,SG,SG,обидным,14.688179016113281,rubert
2,Анекдоты про экзамен для строгого пожилого учителя были обидными,PL-SG-PL,PL,SG,PL,обидными,17.54981231689453,rubert
2,Анекдоты про экзамены для строгого пожилого учителя был обидным,PL-PL-SG,PL,PL,SG,обидным,14.289234161376953,rubert
2,Анекдоты про экзамены для строгого пожилого учителя были обидными,PL-PL-PL,PL,PL,PL,обидными,17.046884536743164,rubert
3,Арка во двор в несущей конструкции здания была проделана,SG-SG-SG,SG,SG,SG,проделана,14.893871307373047,rubert
3,Арка во двор в несущей конструкции здания были проделаны,SG-SG-PL,SG,SG,PL,проделаны,15.383313179016113,rubert
3,Арка во дворы в несущей конструкции здания была проделана,SG-PL-SG,SG,PL,SG,проделана,14.867055892944336,rubert
3,Арка во дворы в несущей конструкции здания были проделаны,SG-PL-PL,SG,PL,PL,проделаны,15.313726425170898,rubert
3,Арки во двор в несущей конструкции здания была проделана,PL-SG-SG,PL,SG,SG,проделана,13.97599983215332,rubert
3,Арки во двор в несущей конструкции здания были проделаны,PL-SG-PL,PL,SG,PL,проделаны,16.113298416137695,rubert
3,Арки во дворы в несущей конструкции здания была проделана,PL-PL-SG,PL,PL,SG,проделана,13.92050552368164,rubert
3,Арки во дворы в несущей конструкции здания были проделаны,PL-PL-PL,PL,PL,PL,проделаны,16.468008041381836,rubert
4,Атака на крепость из-за стратегической ошибки полководца была безуспешной,SG-SG-SG,SG,SG,SG,безуспешной,16.891704559326172,rubert
4,Атака на крепость из-за стратегической ошибки полководца были безуспешными,SG-SG-PL,SG,SG,PL,безуспешными,18.261999130249023,rubert
4,Атака на крепости из-за стратегической ошибки полководца была безуспешной,SG-PL-SG,SG,PL,SG,безуспешной,16.543581008911133,rubert
4,Атака на крепости из-за стратегической ошибки полководца были безуспешными,SG-PL-PL,SG,PL,PL,безуспешными,18.138582229614258,rubert
4,Атаки на крепость из-за стратегической ошибки полководца была безуспешной,PL-SG-SG,PL,SG,SG,безуспешной,15.020811080932617,rubert
4,Атаки на крепость из-за стратегической ошибки полководца были безуспешными,PL-SG-PL,PL,SG,PL,безуспешными,18.983543395996094,rubert
4,Атаки на крепости из-за стратегической ошибки полководца была безуспешной,PL-PL-SG,PL,PL,SG,безуспешной,14.944828033447266,rubert
4,Атаки на крепости из-за стратегической ошибки полководца были безуспешными,PL-PL-PL,PL,PL,PL,безуспешными,18.994667053222656,rubert
5,Билет в музей во время уличной демонстрации был утерян,SG-SG-SG,SG,SG,SG,утерян,17.022220611572266,rubert
5,Билет в музей во время уличной демонстрации были утеряны,SG-SG-PL,SG,SG,PL,утеряны,17.223087310791016,rubert
5,Билет в музеи во время уличной демонстрации был утерян,SG-PL-SG,SG,PL,SG,утерян,17.731307983398438,rubert
5,Билет в музеи во время уличной демонстрации были утеряны,SG-PL-PL,SG,PL,PL,утеряны,18.032958984375,rubert
5,Билеты в музей во время уличной демонстрации был утерян,PL-SG-SG,PL,SG,SG,утерян,15.695508003234863,rubert
5,Билеты в музей во время уличной демонстрации были утеряны,PL-SG-PL,PL,SG,PL,утеряны,19.05447769165039,rubert
5,Билеты в музеи во время уличной демонстрации был утерян,PL-PL-SG,PL,PL,SG,утерян,15.402349472045898,rubert
5,Билеты в музеи во время уличной демонстрации были утеряны,PL-PL-PL,PL,PL,PL,утеряны,18.965526580810547,rubert
6,Взгляд на снимок из-под длинных опущенных ресниц был брошен,SG-SG-SG,SG,SG,SG,брошен,13.949041366577148,rubert
6,Взгляд на снимок из-под длинных опущенных ресниц были брошены,SG-SG-PL,SG,SG,PL,брошены,16.058408737182617,rubert
6,Взгляд на снимки из-под длинных опущенных ресниц был брошен,SG-PL-SG,SG,PL,SG,брошен,14.266362190246582,rubert
6,Взгляд на снимки из-под длинных опущенных ресниц были брошены,SG-PL-PL,SG,PL,PL,брошены,16.320222854614258,rubert
6,Взгляды на снимок из-под длинных опущенных ресниц был брошен,PL-SG-SG,PL,SG,SG,брошен,14.247136116027832,rubert
6,Взгляды на снимок из-под длинных опущенных ресниц были брошены,PL-SG-PL,PL,SG,PL,брошены,15.719441413879395,rubert
6,Взгляды на снимки из-под длинных опущенных ресниц был брошен,PL-PL-SG,PL,PL,SG,брошен,13.862265586853027,rubert
6,Взгляды на снимки из-под длинных опущенных ресниц были брошены,PL-PL-PL,PL,PL,PL,брошены,15.630552291870117,rubert
7,Возражение на упрёк без излишне бурных эмоций было принято,SG-SG-SG,SG,SG,SG,принято,15.371944427490234,rubert
7,Возражение на упрёк без излишне бурных эмоций были приняты,SG-SG-PL,SG,SG,PL,приняты,16.517372131347656,rubert
7,Возражение на упреки без излишне бурных эмоций было принято,SG-PL-SG,SG,PL,SG,принято,15.593701362609863,rubert
7,Возражение на упреки без излишне бурных эмоций были приняты,SG-PL-PL,SG,PL,PL,приняты,16.536659240722656,rubert
7,Возражения на упрёк без излишне бурных эмоций было принято,PL-SG-SG,PL,SG,SG,принято,15.197515487670898,rubert
7,Возражения на упрёк без излишне бурных эмоций были приняты,PL-SG-PL,PL,SG,PL,приняты,16.47510528564453,rubert
7,Возражения на упреки без излишне бурных эмоций было принято,PL-PL-SG,PL,PL,SG,принято,15.132102966308594,rubert
7,Возражения на упреки без излишне бурных эмоций были приняты,PL-PL-PL,PL,PL,PL,приняты,16.733386993408203,rubert
8,Выстрел в цель из-за сбитого прицела ружья был неточным,SG-SG-SG,SG,SG,SG,неточным,15.892972946166992,rubert
8,Выстрел в цель из-за сбитого прицела ружья были неточными,SG-SG-PL,SG,SG,PL,неточными,16.758670806884766,rubert
8,Выстрел в цели из-за сбитого прицела ружья был неточным,SG-PL-SG,SG,PL,SG,неточным,15.69784164428711,rubert
8,Выстрел в цели из-за сбитого прицела ружья были неточными,SG-PL-PL,SG,PL,PL,неточными,16.484888076782227,rubert
8,Выстрелы в цель из-за сбитого прицела ружья был неточным,PL-SG-SG,PL,SG,SG,неточным,13.600798606872559,rubert
8,Выстрелы в цель из-за сбитого прицела ружья были неточными,PL-SG-PL,PL,SG,PL,неточными,17.95641326904297,rubert
8,Выстрелы в цели из-за сбитого прицела ружья был неточным,PL-PL-SG,PL,PL,SG,неточным,13.664649963378906,rubert
8,Выстрелы в цели из-за сбитого прицела ружья были неточными,PL-PL-PL,PL,PL,PL,неточными,17.71550750732422,rubert
9,Дорога через лес для снабжения людей провизией была проложена,SG-SG-SG,SG,SG,SG,проложена,14.319210052490234,rubert
9,Дорога через лес для снабжения людей провизией были проложены,SG-SG-PL,SG,SG,PL,проложены,14.502120971679688,rubert
9,Дорога через леса для снабжения людей провизией была проложена,SG-PL-SG,SG,PL,SG,проложена,14.352298736572266,rubert
9,Дорога через леса для снабжения людей провизией были проложены,SG-PL-PL,SG,PL,PL,проложены,14.431009292602539,rubert
9,Дороги через лес для снабжения людей провизией была проложена,PL-SG-SG,PL,SG,SG,проложена,12.534873008728027,rubert
9,Дороги через лес для снабжения людей провизией были проложены,PL-SG-PL,PL,SG,PL,проложены,16.093883514404297,rubert
9,Дороги через леса для снабжения людей провизией была проложена,PL-PL-SG,PL,PL,SG,проложена,12.52686595916748,rubert
9,Дороги через леса для снабжения людей провизией были проложены,PL-PL-PL,PL,PL,PL,проложены,16.160110473632812,rubert
10,Жалоба на боль из-за нарушения дыхания пациента была тихой,SG-SG-SG,SG,SG,SG,тихой,14.192856788635254,rubert
10,Жалоба на боль из-за нарушения дыхания пациента были тихими,SG-SG-PL,SG,SG,PL,тихими,15.339751243591309,rubert
10,Жалоба на боли из-за нарушения дыхания пациента была тихой,SG-PL-SG,SG,PL,SG,тихой,14.157912254333496,rubert
10,Жалоба на боли из-за нарушения дыхания пациента были тихими,SG-PL-PL,SG,PL,PL,тихими,15.232658386230469,rubert
10,Жалобы на боль из-за нарушения дыхания пациента была тихой,PL-SG-SG,PL,SG,SG,тихой,14.026538848876953,rubert
10,Жалобы на боль из-за нарушения дыхания пациента были тихими,PL-SG-PL,PL,SG,PL,тихими,15.90837287902832,rubert
10,Жалобы на боли из-за нарушения дыхания пациента была тихой,PL-PL-SG,PL,PL,SG,тихой,13.892053604125977,rubert
10,Жалобы на боли из-за нарушения дыхания пациента были тихими,PL-PL-PL,PL,PL,PL,тихими,15.762113571166992,rubert
11,История про убийство в присутствии маленьких детей была рассказана,SG-SG-SG,SG,SG,SG,рассказана,13.802507400512695,rubert
11,История про убийство в присутствии маленьких детей были рассказаны,SG-SG-PL,SG,SG,PL,рассказаны,15.143692970275879,rubert
11,История про убийства в присутствии маленьких детей была рассказана,SG-PL-SG,SG,PL,SG,рассказана,13.808714866638184,rubert
11,История про убийства в присутствии маленьких детей были рассказаны,SG-PL-PL,SG,PL,PL,рассказаны,14.913556098937988,rubert
11,Истории про убийство в присутствии маленьких детей была рассказана,PL-SG-SG,PL,SG,SG,рассказана,12.772825241088867,rubert
11,Истории про убийство в присутствии маленьких детей были рассказаны,PL-SG-PL,PL,SG,PL,рассказаны,16.43297576904297,rubert
11,Истории про убийства в присутствии маленьких детей была рассказана,PL-PL-SG,PL,PL,SG,рассказана,12.839111328125,rubert
11,Истории про убийства в присутствии маленьких детей были рассказаны,PL-PL-PL,PL,PL,PL,рассказаны,16.448837280273438,rubert
12,Кредит на участок из-за высокой стоимости земли был долгосрочным,SG-SG-SG,SG,SG,SG,долгосрочным,16.14457130432129,rubert
12,Кредит на участок из-за высокой стоимости земли были долгосрочными,SG-SG-PL,SG,SG,PL,долгосрочными,15.657282829284668,rubert
12,Кредит на участки из-за высокой стоимости земли был долгосрочным,SG-PL-SG,SG,PL,SG,долгосрочным,14.571428298950195,rubert
12,Кредит на участки из-за высокой стоимости земли были долгосрочными,SG-PL-PL,SG,PL,PL,долгосрочными,15.818411827087402,rubert
12,Кредиты на участок из-за высокой стоимости земли был долгосрочным,PL-SG-SG,PL,SG,SG,долгосрочным,12.631853103637695,rubert
12,Кредиты на участок из-за высокой стоимости земли были долгосрочными,PL-SG-PL,PL,SG,PL,долгосрочными,16.776853561401367,rubert
12,Кредиты на участки из-за высокой стоимости земли был долгосрочным,PL-PL-SG,PL,PL,SG,долгосрочным,12.928130149841309,rubert
12,Кредиты на участки из-за высокой стоимости земли были долгосрочными,PL-PL-PL,PL,PL,PL,долгосрочными,16.87476921081543,rubert
13,Кружево на наряд в вышитый шелковый мешочек было упаковано,SG-SG-SG,SG,SG,SG,упаковано,13.84968376159668,rubert
13,Кружево на наряд в вышитый шелковый мешочек были упакованы,SG-SG-PL,SG,SG,PL,упакованы,14.446792602539062,rubert
13,Кружево на наряды в вышитый шелковый мешочек было упаковано,SG-PL-SG,SG,PL,SG,упаковано,14.160207748413086,rubert
13,Кружево на наряды в вышитый шелковый мешочек были упакованы,SG-PL-PL,SG,PL,PL,упакованы,14.388809204101562,rubert
13,Кружева на наряд в вышитый шелковый мешочек было упаковано,PL-SG-SG,PL,SG,SG,упаковано,13.918397903442383,rubert
13,Кружева на наряд в вышитый шелковый мешочек были упакованы,PL-SG-PL,PL,SG,PL,упакованы,15.02177619934082,rubert
13,Кружева на наряды в вышитый шелковый мешочек было упаковано,PL-PL-SG,PL,PL,SG,упаковано,14.014442443847656,rubert
13,Кружева на наряды в вышитый шелковый мешочек были упакованы,PL-PL-PL,PL,PL,PL,упакованы,15.07751750946045,rubert
14,Легенда про замок в старинной летописи графства была записана,SG-SG-SG,SG,SG,SG,записана,14.547935485839844,rubert
14,Легенда про замок в старинной летописи графства были записаны,SG-SG-PL,SG,SG,PL,записаны,16.0949764251709,rubert
14,Легенда про замки в старинной летописи графства была записана,SG-PL-SG,SG,PL,SG,записана,13.827462196350098,rubert
14,Легенда про замки в старинной летописи графства были записаны,SG-PL-PL,SG,PL,PL,записаны,16.120882034301758,rubert
14,Легенды про замок в старинной летописи графства была записана,PL-SG-SG,PL,SG,SG,записана,15.51282787322998,rubert
14,Легенды про замок в старинной летописи графства были записаны,PL-SG-PL,PL,SG,PL,записаны,16.465545654296875,rubert
14,Легенды про замки в старинной летописи графства была записана,PL-PL-SG,PL,PL,SG,записана,16.131309509277344,rubert
14,Легенды про замки в старинной летописи графства были записаны,PL-PL-PL,PL,PL,PL,записаны,16.228151321411133,rubert
15,Лестница в подвал из-за отсутствия свободного места была крутой,SG-SG-SG,SG,SG,SG,крутой,16.092222213745117,rubert
15,Лестница в подвал из-за отсутствия свободного места были крутыми,SG-SG-PL,SG,SG,PL,крутыми,15.722565650939941,rubert
15,Лестница в подвалы из-за отсутствия свободного места была крутой,SG-PL-SG,SG,PL,SG,крутой,15.999528884887695,rubert
15,Лестница в подвалы из-за отсутствия свободного места были крутыми,SG-PL-PL,SG,PL,PL,крутыми,16.202926635742188,rubert
15,Лестницы в подвал из-за отсутствия свободного места была крутой,PL-SG-SG,PL,SG,SG,крутой,14.589014053344727,rubert
15,Лестницы в подвал из-за отсутствия свободного места были крутыми,PL-SG-PL,PL,SG,PL,крутыми,17.29802703857422,rubert
15,Лестницы в подвалы из-за отсутствия свободного места была крутой,PL-PL-SG,PL,PL,SG,крутой,14.825372695922852,rubert
15,Лестницы в подвалы из-за отсутствия свободного места были крутыми,PL-PL-PL,PL,PL,PL,крутыми,18.090415954589844,rubert
16,Мост через овраг после окончания военных действий был возведен,SG-SG-SG,SG,SG,SG,возведен,18.039321899414062,rubert
16,Мост через овраг после окончания военных действий были возведены,SG-SG-PL,SG,SG,PL,возведены,16.9661865234375,rubert
16,Мост через овраги после окончания военных действий был возведен,SG-PL-SG,SG,PL,SG,возведен,18.15066146850586,rubert
16,Мост через овраги после окончания военных действий были возведены,SG-PL-PL,SG,PL,PL,возведены,17.808517456054688,rubert
16,Мосты через овраг после окончания военных действий был возведен,PL-SG-SG,PL,SG,SG,возведен,15.657329559326172,rubert
16,Мосты через овраг после окончания военных действий были возведены,PL-SG-PL,PL,SG,PL,возведены,18.720401763916016,rubert
16,Мосты через овраги после окончания военных действий был возведен,PL-PL-SG,PL,PL,SG,возведен,15.902095794677734,rubert
16,Мосты через овраги после окончания военных действий были возведены,PL-PL-PL,PL,PL,PL,возведены,18.787750244140625,rubert
17,Налог на доход из-за смены политического курса был повышен,SG-SG-SG,SG,SG,SG,повышен,17.933931350708008,rubert
17,Налог на доход из-за смены политического курса были повышены,SG-SG-PL,SG,SG,PL,повышены,18.48114013671875,rubert
17,Налог на доходы из-за смены политического курса был повышен,SG-PL-SG,SG,PL,SG,повышен,17.525054931640625,rubert
17,Налог на доходы из-за смены политического курса были повышены,SG-PL-PL,SG,PL,PL,повышены,18.885120391845703,rubert
17,Налоги на доход из-за смены политического курса был повышен,PL-SG-SG,PL,SG,SG,повышен,14.69406509399414,rubert
17,Налоги на доход из-за смены политического курса были повышены,PL-SG-PL,PL,SG,PL,повышены,18.604036331176758,rubert
17,Налоги на доходы из-за смены политического курса был повышен,PL-PL-SG,PL,PL,SG,повышен,14.57296085357666,rubert
17,Налоги на доходы из-за смены политического курса были повышены,PL-PL-PL,PL,PL,PL,повышены,18.907291412353516,rubert
18,Нападение на банк с применением холодного оружия было совершено,SG-SG-SG,SG,SG,SG,совершено,16.750978469848633,rubert
18,Нападение на банк с применением холодного оружия были совершены,SG-SG-PL,SG,SG,PL,совершены,18.03533935546875,rubert
18,Нападение на банки с применением холодного оружия было совершено,SG-PL-SG,SG,PL,SG,совершено,16.34210205078125,rubert
18,Нападение на банки с применением холодного оружия были совершены,SG-PL-PL,SG,PL,PL,совершены,17.29244613647461,rubert
18,Нападения на банк с применением холодного оружия было совершено,PL-SG-SG,PL,SG,SG,совершено,16.476436614990234,rubert
18,Нападения на банк с применением холодного оружия были совершены,PL-SG-PL,PL,SG,PL,совершены,17.56230926513672,rubert
18,Нападения на банки с применением холодного оружия было совершено,PL-PL-SG,PL,PL,SG,совершено,15.773913383483887,rubert
18,Нападения на банки с применением холодного оружия были совершены,PL-PL-PL,PL,PL,PL,совершены,17.344263076782227,rubert
19,Окно в сад из-за сильного холодного ветра было закрыто,SG-SG-SG,SG,SG,SG,закрыто,16.829553604125977,rubert
19,Окно в сад из-за сильного холодного ветра были закрыты,SG-SG-PL,SG,SG,PL,закрыты,17.547439575195312,rubert
19,Окно в сады из-за сильного холодного ветра было закрыто,SG-PL-SG,SG,PL,SG,закрыто,16.960712432861328,rubert
19,Окно в сады из-за сильного холодного ветра были закрыты,SG-PL-PL,SG,PL,PL,закрыты,17.597702026367188,rubert
19,Окна в сад из-за сильного холодного ветра было закрыто,PL-SG-SG,PL,SG,SG,закрыто,14.740195274353027,rubert
19,Окна в сад из-за сильного холодного ветра были закрыты,PL-SG-PL,PL,SG,PL,закрыты,19.416475296020508,rubert
19,Окна в сады из-за сильного холодного ветра было закрыто,PL-PL-SG,PL,PL,SG,закрыто,15.241618156433105,rubert
19,Окна в сады из-за сильного холодного ветра были закрыты,PL-PL-PL,PL,PL,PL,закрыты,19.839860916137695,rubert
20,Ответ на вопрос из-за недостаточного знания материала был неверным,SG-SG-SG,SG,SG,SG,неверным,15.488518714904785,rubert
20,Ответ на вопрос из-за недостаточного знания материала были неверными,SG-SG-PL,SG,SG,PL,неверными,15.184549331665039,rubert
20,Ответ на вопросы из-за недостаточного знания материала был неверным,SG-PL-SG,SG,PL,SG,неверным,16.045499801635742,rubert
20,Ответ на вопросы из-за недостаточного знания материала были неверными,SG-PL-PL,SG,PL,PL,неверными,16.24921989440918,rubert
20,Ответы на вопрос из-за недостаточного знания материала был неверным,PL-SG-SG,PL,SG,SG,неверным,14.925763130187988,rubert
20,Ответы на вопрос из-за недостаточного знания материала были неверными,PL-SG-PL,PL,SG,PL,неверными,16.221426010131836,rubert
20,Ответы на вопросы из-за недостаточного знания материала был неверным,PL-PL-SG,PL,PL,SG,неверным,15.215434074401855,rubert
20,Ответы на вопросы из-за недостаточного знания материала были неверными,PL-PL-PL,PL,PL,PL,неверными,16.72689437866211,rubert
21,Очередь в театр из-за большого наплыва туристов была бесконечной,SG-SG-SG,SG,SG,SG,бесконечной,17.009281158447266,rubert
21,Очередь в театр из-за большого наплыва туристов были бесконечными,SG-SG-PL,SG,SG,PL,бесконечными,17.68573570251465,rubert
21,Очередь в театры из-за большого наплыва туристов была бесконечной,SG-PL-SG,SG,PL,SG,бесконечной,16.879226684570312,rubert
21,Очередь в театры из-за большого наплыва туристов были бесконечными,SG-PL-PL,SG,PL,PL,бесконечными,17.796878814697266,rubert
21,Очереди в театр из-за большого наплыва туристов была бесконечной,PL-SG-SG,PL,SG,SG,бесконечной,14.7955961227417,rubert
21,Очереди в театр из-за большого наплыва туристов были бесконечными,PL-SG-PL,PL,SG,PL,бесконечными,18.731924057006836,rubert
21,Очереди в театры из-за большого наплыва туристов была бесконечной,PL-PL-SG,PL,PL,SG,бесконечной,15.018027305603027,rubert
21,Очереди в театры из-за большого наплыва туристов были бесконечными,PL-PL-PL,PL,PL,PL,бесконечными,18.77364158630371,rubert
22,Переправа через ручей из-за тяжёлых погодных условий была опасной,SG-SG-SG,SG,SG,SG,опасной,13.876194953918457,rubert
22,Переправа через ручей из-за тяжёлых погодных условий были опасными,SG-SG-PL,SG,SG,PL,опасными,14.045607566833496,rubert
22,Переправа через ручьи из-за тяжёлых погодных условий была опасной,SG-PL-SG,SG,PL,SG,опасной,14.317164421081543,rubert
22,Переправа через ручьи из-за тяжёлых погодных условий были опасными,SG-PL-PL,SG,PL,PL,опасными,15.390963554382324,rubert
22,Переправы через ручей из-за тяжёлых погодных условий была опасной,PL-SG-SG,PL,SG,SG,опасной,13.542620658874512,rubert
22,Переправы через ручей из-за тяжёлых погодных условий были опасными,PL-SG-PL,PL,SG,PL,опасными,15.198883056640625,rubert
22,Переправы через ручьи из-за тяжёлых погодных условий была опасной,PL-PL-SG,PL,PL,SG,опасной,15.137409210205078,rubert
22,Переправы через ручьи из-за тяжёлых погодных условий были опасными,PL-PL-PL,PL,PL,PL,опасными,17.213659286499023,rubert
23,Песня про поезд для большинства отставных машинистов была грустной,SG-SG-SG,SG,SG,SG,грустной,12.579753875732422,rubert
23,Песня про поезд для большинства отставных машинистов были грустными,SG-SG-PL,SG,SG,PL,грустными,13.227899551391602,rubert
23,Песня про поезда для большинства отставных машинистов была грустной,SG-PL-SG,SG,PL,SG,грустной,12.690298080444336,rubert
23,Песня про поезда для большинства отставных машинистов были грустными,SG-PL-PL,SG,PL,PL,грустными,12.723468780517578,rubert
23,Песни про поезд для большинства отставных машинистов была грустной,PL-SG-SG,PL,SG,SG,грустной,12.68820571899414,rubert
23,Песни про поезд для большинства отставных машинистов были грустными,PL-SG-PL,PL,SG,PL,грустными,15.601005554199219,rubert
23,Песни про поезда для большинства отставных машинистов была грустной,PL-PL-SG,PL,PL,SG,грустной,12.900075912475586,rubert
23,Песни про поезда для большинства отставных машинистов были грустными,PL-PL-PL,PL,PL,PL,грустными,15.455512046813965,rubert
24,Письмо про поход из маленького сибирского посёлка было отправлено,SG-SG-SG,SG,SG,SG,отправлено,15.050535202026367,rubert
24,Письмо про поход из маленького сибирского посёлка были отправлены,SG-SG-PL,SG,SG,PL,отправлены,16.57097625732422,rubert
24,Письмо про походы из маленького сибирского посёлка было отправлено,SG-PL-SG,SG,PL,SG,отправлено,15.106988906860352,rubert
24,Письмо про походы из маленького сибирского посёлка были отправлены,SG-PL-PL,SG,PL,PL,отправлены,17.034914016723633,rubert
24,Письма про поход из маленького сибирского посёлка было отправлено,PL-SG-SG,PL,SG,SG,отправлено,14.547507286071777,rubert
24,Письма про поход из маленького сибирского посёлка были отправлены,PL-SG-PL,PL,SG,PL,отправлены,16.913753509521484,rubert
24,Письма про походы из маленького сибирского посёлка было отправлено,PL-PL-SG,PL,PL,SG,отправлено,14.773094177246094,rubert
24,Письма про походы из маленького сибирского посёлка были отправлены,PL-PL-PL,PL,PL,PL,отправлены,16.83318519592285,rubert
25,План на выходной из-за визита назойливых родственников был разрушен,SG-SG-SG,SG,SG,SG,разрушен,16.402769088745117,rubert
25,План на выходной из-за визита назойливых родственников были разрушены,SG-SG-PL,SG,SG,PL,разрушены,15.947710037231445,rubert
25,План на выходные из-за визита назойливых родственников был разрушен,SG-PL-SG,SG,PL,SG,разрушен,17.073375701904297,rubert
25,План на выходные из-за визита назойливых родственников были разрушены,SG-PL-PL,SG,PL,PL,разрушены,16.582916259765625,rubert
25,Планы на выходной из-за визита назойливых родственников был разрушен,PL-SG-SG,PL,SG,SG,разрушен,14.80822467803955,rubert
25,Планы на выходной из-за визита назойливых родственников были разрушены,PL-SG-PL,PL,SG,PL,разрушены,17.599720001220703,rubert
25,Планы на выходные из-за визита назойливых родственников был разрушен,PL-PL-SG,PL,PL,SG,разрушен,15.245540618896484,rubert
25,Планы на выходные из-за визита назойливых родственников были разрушены,PL-PL-PL,PL,PL,PL,разрушены,17.806013107299805,rubert
26,Поездка на остров для молодых влюблённых студентов была незабываемой,SG-SG-SG,SG,SG,SG,незабываемой,15.813314437866211,rubert
26,Поездка на остров для молодых влюблённых студентов были незабываемыми,SG-SG-PL,SG,SG,PL,незабываемыми,17.391361236572266,rubert
26,Поездка на острова для молодых влюблённых студентов была незабываемой,SG-PL-SG,SG,PL,SG,незабываемой,15.987451553344727,rubert
26,Поездка на острова для молодых влюблённых студентов были незабываемыми,SG-PL-PL,SG,PL,PL,незабываемыми,17.979482650756836,rubert
26,Поездки на остров для молодых влюблённых студентов была незабываемой,PL-SG-SG,PL,SG,SG,незабываемой,15.769424438476562,rubert
26,Поездки на остров для молодых влюблённых студентов были незабываемыми,PL-SG-PL,PL,SG,PL,незабываемыми,17.9909725189209,rubert
26,Поездки на острова для молодых влюблённых студентов была незабываемой,PL-PL-SG,PL,PL,SG,незабываемой,15.929760932922363,rubert
26,Поездки на острова для молодых влюблённых студентов были незабываемыми,PL-PL-PL,PL,PL,PL,незабываемыми,17.979524612426758,rubert
27,Полёт через пролив из-за усилившегося северного ветра был запрещён,SG-SG-SG,SG,SG,SG,запрещён,19.401222229003906,rubert
27,Полёт через пролив из-за усилившегося северного ветра были запрещены,SG-SG-PL,SG,SG,PL,запрещены,19.132230758666992,rubert
27,Полёт через проливы из-за усилившегося северного ветра был запрещён,SG-PL-SG,SG,PL,SG,запрещён,19.598142623901367,rubert
27,Полёт через проливы из-за усилившегося северного ветра были запрещены,SG-PL-PL,SG,PL,PL,запрещены,19.07791519165039,rubert
27,Полёты через пролив из-за усилившегося северного ветра был запрещён,PL-SG-SG,PL,SG,SG,запрещён,19.392040252685547,rubert
27,Полёты через пролив из-за усилившегося северного ветра были запрещены,PL-SG-PL,PL,SG,PL,запрещены,21.99932289123535,rubert
27,Полёты через проливы из-за усилившегося северного ветра был запрещён,PL-PL-SG,PL,PL,SG,запрещён,19.088603973388672,rubert
27,Полёты через проливы из-за усилившегося северного ветра были запрещены,PL-PL-PL,PL,PL,PL,запрещены,21.530826568603516,rubert
28,Прогулка через парк для ценителей ландшафтного дизайна была приятной,SG-SG-SG,SG,SG,SG,приятной,14.284175872802734,rubert
28,Прогулка через парк для ценителей ландшафтного дизайна были приятными,SG-SG-PL,SG,SG,PL,приятными,15.199151992797852,rubert
28,Прогулка через парки для ценителей ландшафтного дизайна была приятной,SG-PL-SG,SG,PL,SG,приятной,14.463603973388672,rubert
28,Прогулка через парки для ценителей ландшафтного дизайна были приятными,SG-PL-PL,SG,PL,PL,приятными,15.114279747009277,rubert
28,Прогулки через парк для ценителей ландшафтного дизайна была приятной,PL-SG-SG,PL,SG,SG,приятной,13.26313591003418,rubert
28,Прогулки через парк для ценителей ландшафтного дизайна были приятными,PL-SG-PL,PL,SG,PL,приятными,15.436893463134766,rubert
28,Прогулки через парки для ценителей ландшафтного дизайна была приятной,PL-PL-SG,PL,PL,SG,приятной,12.545169830322266,rubert
28,Прогулки через парки для ценителей ландшафтного дизайна были приятными,PL-PL-PL,PL,PL,PL,приятными,15.566047668457031,rubert
29,Прыжок через костёр для обладателей коротких ног был рискованным,SG-SG-SG,SG,SG,SG,рискованным,14.671974182128906,rubert
29,Прыжок через костёр для обладателей коротких ног были рискованными,SG-SG-PL,SG,SG,PL,рискованными,15.479512214660645,rubert
29,Прыжок через костры для обладателей коротких ног был рискованным,SG-PL-SG,SG,PL,SG,рискованным,12.527828216552734,rubert
29,Прыжок через костры для обладателей коротких ног были рискованными,SG-PL-PL,SG,PL,PL,рискованными,13.297361373901367,rubert
29,Прыжки через костёр для обладателей коротких ног был рискованным,PL-SG-SG,PL,SG,SG,рискованным,15.580917358398438,rubert
29,Прыжки через костёр для обладателей коротких ног были рискованными,PL-SG-PL,PL,SG,PL,рискованными,16.111291885375977,rubert
29,Прыжки через костры для обладателей коротких ног был рискованным,PL-PL-SG,PL,PL,SG,рискованным,12.45433521270752,rubert
29,Прыжки через костры для обладателей коротких ног были рискованными,PL-PL-PL,PL,PL,PL,рискованными,14.515460014343262,rubert
30,Путешествие на курорт для членов большой семьи было приятным,SG-SG-SG,SG,SG,SG,приятным,15.91610050201416,rubert
30,Путешествие на курорт для членов большой семьи были приятными,SG-SG-PL,SG,SG,PL,приятными,16.564321517944336,rubert
30,Путешествие на курорты для членов большой семьи было приятным,SG-PL-SG,SG,PL,SG,приятным,16.49482536315918,rubert
30,Путешествие на курорты для членов большой семьи были приятными,SG-PL-PL,SG,PL,PL,приятными,17.018632888793945,rubert
30,Путешествия на курорт для членов большой семьи было приятным,PL-SG-SG,PL,SG,SG,приятным,15.578465461730957,rubert
30,Путешествия на курорт для членов большой семьи были приятными,PL-SG-PL,PL,SG,PL,приятными,17.14167022705078,rubert
30,Путешествия на курорты для членов большой семьи было приятным,PL-PL-SG,PL,PL,SG,приятным,16.155349731445312,rubert
30,Путешествия на курорты для членов большой семьи были приятными,PL-PL-PL,PL,PL,PL,приятными,17.439828872680664,rubert
31,Рецепт на порошок из-за частого предъявления аптекарям был мятым,SG-SG-SG,SG,SG,SG,мятым,12.76579761505127,rubert
31,Рецепт на порошок из-за частого предъявления аптекарям были мятыми,SG-SG-PL,SG,SG,PL,мятыми,13.142069816589355,rubert
31,Рецепт на порошки из-за частого предъявления аптекарям был мятым,SG-PL-SG,SG,PL,SG,мятым,12.952591896057129,rubert
31,Рецепт на порошки из-за частого предъявления аптекарям были мятыми,SG-PL-PL,SG,PL,PL,мятыми,13.025486946105957,rubert
31,Рецепты на порошок из-за частого предъявления аптекарям был мятым,PL-SG-SG,PL,SG,SG,мятым,13.095888137817383,rubert
31,Рецепты на порошок из-за частого предъявления аптекарям были мятыми,PL-SG-PL,PL,SG,PL,мятыми,13.647212028503418,rubert
31,Рецепты на порошки из-за частого предъявления аптекарям был мятым,PL-PL-SG,PL,PL,SG,мятым,13.730393409729004,rubert
31,Рецепты на порошки из-за частого предъявления аптекарям были мятыми,PL-PL-PL,PL,PL,PL,мятыми,13.903963088989258,rubert
32,Ссылка на сайт в списке источников статьи была дана,SG-SG-SG,SG,SG,SG,дана,14.984532356262207,rubert
32,Ссылка на сайт в списке источников статьи были даны,SG-SG-PL,SG,SG,PL,даны,15.169500350952148,rubert
32,Ссылка на сайты в списке источников статьи была дана,SG-PL-SG,SG,PL,SG,дана,15.052230834960938,rubert
32,Ссылка на сайты в списке источников статьи были даны,SG-PL-PL,SG,PL,PL,даны,15.34158706665039,rubert
32,Ссылки на сайт в списке источников статьи была дана,PL-SG-SG,PL,SG,SG,дана,13.718239784240723,rubert
32,Ссылки на сайт в списке источников статьи были даны,PL-SG-PL,PL,SG,PL,даны,15.809438705444336,rubert
32,Ссылки на сайты в списке источников статьи была дана,PL-PL-SG,PL,PL,SG,дана,13.789764404296875,rubert
32,Ссылки на сайты в списке источников статьи были даны,PL-PL-PL,PL,PL,PL,даны,15.950495719909668,rubert
33,Талон на обед во время большой перемены был выдан,SG-SG-SG,SG,SG,SG,выдан,13.03587818145752,rubert
33,Талон на обед во время большой перемены были выданы,SG-SG-PL,SG,SG,PL,выданы,13.153533935546875,rubert
33,Талон на обеды во время большой перемены был выдан,SG-PL-SG,SG,PL,SG,выдан,13.158821105957031,rubert
33,Талон на обеды во время большой перемены были выданы,SG-PL-PL,SG,PL,PL,выданы,13.225249290466309,rubert
33,Талоны на обед во время большой перемены был выдан,PL-SG-SG,PL,SG,SG,выдан,13.530953407287598,rubert
33,Талоны на обед во время большой перемены были выданы,PL-SG-PL,PL,SG,PL,выданы,14.933774948120117,rubert
33,Талоны на обеды во время большой перемены был выдан,PL-PL-SG,PL,PL,SG,выдан,13.347192764282227,rubert
33,Талоны на обеды во время большой перемены были выданы,PL-PL-PL,PL,PL,PL,выданы,14.617233276367188,rubert
34,Ткань на пиджак в каталоге весенней коллекции была подобрана,SG-SG-SG,SG,SG,SG,подобрана,12.934011459350586,rubert
34,Ткань на пиджак в каталоге весенней коллекции были подобраны,SG-SG-PL,SG,SG,PL,подобраны,13.439014434814453,rubert
34,Ткань на пиджаки в каталоге весенней коллекции была подобрана,SG-PL-SG,SG,PL,SG,подобрана,13.094520568847656,rubert
34,Ткань на пиджаки в каталоге весенней коллекции были подобраны,SG-PL-PL,SG,PL,PL,подобраны,13.70450210571289,rubert
34,Ткани на пиджак в каталоге весенней коллекции была подобрана,PL-SG-SG,PL,SG,SG,подобрана,12.557254791259766,rubert
34,Ткани на пиджак в каталоге весенней коллекции были подобраны,PL-SG-PL,PL,SG,PL,подобраны,13.889272689819336,rubert
34,Ткани на пиджаки в каталоге весенней коллекции была подобрана,PL-PL-SG,PL,PL,SG,подобрана,12.751041412353516,rubert
34,Ткани на пиджаки в каталоге весенней коллекции были подобраны,PL-PL-PL,PL,PL,PL,подобраны,14.220569610595703,rubert
35,Трасса через поле по меркам местных жителей была новой,SG-SG-SG,SG,SG,SG,новой,14.468077659606934,rubert
35,Трасса через поле по меркам местных жителей были новыми,SG-SG-PL,SG,SG,PL,новыми,15.774520874023438,rubert
35,Трасса через поля по меркам местных жителей была новой,SG-PL-SG,SG,PL,SG,новой,14.483914375305176,rubert
35,Трасса через поля по меркам местных жителей были новыми,SG-PL-PL,SG,PL,PL,новыми,15.690357208251953,rubert
35,Трассы через поле по меркам местных жителей была новой,PL-SG-SG,PL,SG,SG,новой,15.032390594482422,rubert
35,Трассы через поле по меркам местных жителей были новыми,PL-SG-PL,PL,SG,PL,новыми,16.1904296875,rubert
35,Трассы через поля по меркам местных жителей была новой,PL-PL-SG,PL,PL,SG,новой,14.837841033935547,rubert
35,Трассы через поля по меркам местных жителей были новыми,PL-PL-PL,PL,PL,PL,новыми,16.187911987304688,rubert
36,Тропинка через луг во время деревенской ярмарки была протоптана,SG-SG-SG,SG,SG,SG,протоптана,14.234200477600098,rubert
36,Тропинка через луг во время деревенской ярмарки были протоптаны,SG-SG-PL,SG,SG,PL,протоптаны,14.463635444641113,rubert
36,Тропинка через луга во время деревенской ярмарки была протоптана,SG-PL-SG,SG,PL,SG,протоптана,14.198214530944824,rubert
36,Тропинка через луга во время деревенской ярмарки были протоптаны,SG-PL-PL,SG,PL,PL,протоптаны,14.432207107543945,rubert
36,Тропинки через луг во время деревенской ярмарки была протоптана,PL-SG-SG,PL,SG,SG,протоптана,13.766633987426758,rubert
36,Тропинки через луг во время деревенской ярмарки были протоптаны,PL-SG-PL,PL,SG,PL,протоптаны,16.526142120361328,rubert
36,Тропинки через луга во время деревенской ярмарки была протоптана,PL-PL-SG,PL,PL,SG,протоптана,13.570246696472168,rubert
36,Тропинки через луга во время деревенской ярмарки были протоптаны,PL-PL-PL,PL,PL,PL,протоптаны,16.385635375976562,rubert
37,Тур на озеро для участников последней поездки был незабываемым,SG-SG-SG,SG,SG,SG,незабываемым,14.589984893798828,rubert
37,Тур на озеро для участников последней поездки были незабываемыми,SG-SG-PL,SG,SG,PL,незабываемыми,15.831766128540039,rubert
37,Тур на озёра для участников последней поездки был незабываемым,SG-PL-SG,SG,PL,SG,незабываемым,14.873482704162598,rubert
37,Тур на озёра для участников последней поездки были незабываемыми,SG-PL-PL,SG,PL,PL,незабываемыми,15.682846069335938,rubert
37,Туры на озеро для участников последней поездки был незабываемым,PL-SG-SG,PL,SG,SG,незабываемым,13.753195762634277,rubert
37,Туры на озеро для участников последней поездки были незабываемыми,PL-SG-PL,PL,SG,PL,незабываемыми,15.766182899475098,rubert
37,Туры на озёра для участников последней поездки был незабываемым,PL-PL-SG,PL,PL,SG,незабываемым,13.98592472076416,rubert
37,Туры на озёра для участников последней поездки были незабываемыми,PL-PL-PL,PL,PL,PL,незабываемыми,15.802581787109375,rubert
38,Удар в колено для юных неопытных борцов был болезненным,SG-SG-SG,SG,SG,SG,болезненным,15.578763961791992,rubert
38,Удар в колено для юных неопытных борцов были болезненными,SG-SG-PL,SG,SG,PL,болезненными,17.69605827331543,rubert
38,Удар в колени для юных неопытных борцов был болезненным,SG-PL-SG,SG,PL,SG,болезненным,15.408950805664062,rubert
38,Удар в колени для юных неопытных борцов были болезненными,SG-PL-PL,SG,PL,PL,болезненными,17.076810836791992,rubert
38,Удары в колено для юных неопытных борцов был болезненным,PL-SG-SG,PL,SG,SG,болезненным,15.921972274780273,rubert
38,Удары в колено для юных неопытных борцов были болезненными,PL-SG-PL,PL,SG,PL,болезненными,16.058483123779297,rubert
38,Удары в колени для юных неопытных борцов был болезненным,PL-PL-SG,PL,PL,SG,болезненным,16.217233657836914,rubert
38,Удары в колени для юных неопытных борцов были болезненными,PL-PL-PL,PL,PL,PL,болезненными,16.3087100982666,rubert
39,Цена на продукт из-за плохого качества сырья была низкой,SG-SG-SG,SG,SG,SG,низкой,13.975519180297852,rubert
39,Цена на продукт из-за плохого качества сырья были низкими,SG-SG-PL,SG,SG,PL,низкими,14.8746919631958,rubert
39,Цена на продукты из-за плохого качества сырья была низкой,SG-PL-SG,SG,PL,SG,низкой,13.938488960266113,rubert
39,Цена на продукты из-за плохого качества сырья были низкими,SG-PL-PL,SG,PL,PL,низкими,15.174957275390625,rubert
39,Цены на продукт из-за плохого качества сырья была низкой,PL-SG-SG,PL,SG,SG,низкой,14.033397674560547,rubert
39,Цены на продукт из-за плохого качества сырья были низкими,PL-SG-PL,PL,SG,PL,низкими,17.72823715209961,rubert
39,Цены на продукты из-за плохого качества сырья была низкой,PL-PL-SG,PL,PL,SG,низкой,13.67416000366211,rubert
39,Цены на продукты из-за плохого качества сырья были низкими,PL-PL-PL,PL,PL,PL,низкими,17.842052459716797,rubert
40,Штраф за прогул в целях воспитания сотрудников был введён,SG-SG-SG,SG,SG,SG,введён,17.767913818359375,rubert
40,Штраф за прогул в целях воспитания сотрудников были введены,SG-SG-PL,SG,SG,PL,введены,15.815868377685547,rubert
40,Штраф за прогулы в целях воспитания сотрудников был введён,SG-PL-SG,SG,PL,SG,введён,17.746103286743164,rubert
40,Штраф за прогулы в целях воспитания сотрудников были введены,SG-PL-PL,SG,PL,PL,введены,16.42923927307129,rubert
40,Штрафы за прогул в целях воспитания сотрудников был введён,PL-SG-SG,PL,SG,SG,введён,14.601040840148926,rubert
40,Штрафы за прогул в целях воспитания сотрудников были введены,PL-SG-PL,PL,SG,PL,введены,18.520755767822266,rubert
40,Штрафы за прогулы в целях воспитания сотрудников был введён,PL-PL-SG,PL,PL,SG,введён,15.58949089050293,rubert
40,Штрафы за прогулы в целях воспитания сотрудников были введены,PL-PL-PL,PL,PL,PL,введены,18.42874526977539,rubert
41,Аргумент против обвинения для адвоката пострадавшей стороны был сокрушительным,SG-SG-SG,SG,SG,SG,сокрушительным,15.968454360961914,rubert
41,Аргумент против обвинения для адвоката пострадавшей стороны были сокрушительными,SG-SG-PL,SG,SG,PL,сокрушительными,14.469913482666016,rubert
41,Аргумент против обвинений для адвоката пострадавшей стороны был сокрушительным,SG-PL-SG,SG,PL,SG,сокрушительным,16.073890686035156,rubert
41,Аргумент против обвинений для адвоката пострадавшей стороны были сокрушительными,SG-PL-PL,SG,PL,PL,сокрушительными,14.658145904541016,rubert
41,Аргументы против обвинения для адвоката пострадавшей стороны был сокрушительным,PL-SG-SG,PL,SG,SG,сокрушительным,14.90093994140625,rubert
41,Аргументы против обвинения для адвоката пострадавшей стороны были сокрушительными,PL-SG-PL,PL,SG,PL,сокрушительными,17.185054779052734,rubert
41,Аргументы против обвинений для адвоката пострадавшей стороны был сокрушительным,PL-PL-SG,PL,PL,SG,сокрушительным,14.790753364562988,rubert
41,Аргументы против обвинений для адвоката пострадавшей стороны были сокрушительными,PL-PL-PL,PL,PL,PL,сокрушительными,17.12718963623047,rubert
42,Видеозапись с лекции для пропустивших занятия студентов была содержательной,SG-SG-SG,SG,SG,SG,содержательной,15.504040718078613,rubert
42,Видеозапись с лекции для пропустивших занятия студентов были содержательными,SG-SG-PL,SG,SG,PL,содержательными,15.597573280334473,rubert
42,Видеозапись с лекций для пропустивших занятия студентов была содержательной,SG-PL-SG,SG,PL,SG,содержательной,15.37053108215332,rubert
42,Видеозапись с лекций для пропустивших занятия студентов были содержательными,SG-PL-PL,SG,PL,PL,содержательными,15.964502334594727,rubert
42,Видеозаписи с лекции для пропустивших занятия студентов была содержательной,PL-SG-SG,PL,SG,SG,содержательной,12.290925979614258,rubert
42,Видеозаписи с лекции для пропустивших занятия студентов были содержательными,PL-SG-PL,PL,SG,PL,содержательными,16.071168899536133,rubert
42,Видеозаписи с лекций для пропустивших занятия студентов была содержательной,PL-PL-SG,PL,PL,SG,содержательной,12.419921875,rubert
42,Видеозаписи с лекций для пропустивших занятия студентов были содержательными,PL-PL-PL,PL,PL,PL,содержательными,16.12550926208496,rubert
43,Вывод из поражения из-за тщательного анализа ситуации был верным,SG-SG-SG,SG,SG,SG,верным,14.909220695495605,rubert
43,Вывод из поражения из-за тщательного анализа ситуации были верными,SG-SG-PL,SG,SG,PL,верными,14.994070053100586,rubert
43,Вывод из поражений из-за тщательного анализа ситуации был верным,SG-PL-SG,SG,PL,SG,верным,14.908510208129883,rubert
43,Вывод из поражений из-за тщательного анализа ситуации были верными,SG-PL-PL,SG,PL,PL,верными,15.169281959533691,rubert
43,Выводы из поражения из-за тщательного анализа ситуации был верным,PL-SG-SG,PL,SG,SG,верным,14.26314926147461,rubert
43,Выводы из поражения из-за тщательного анализа ситуации были верными,PL-SG-PL,PL,SG,PL,верными,16.640531539916992,rubert
43,Выводы из поражений из-за тщательного анализа ситуации был верным,PL-PL-SG,PL,PL,SG,верным,14.655445098876953,rubert
43,Выводы из поражений из-за тщательного анализа ситуации были верными,PL-PL-PL,PL,PL,PL,верными,16.659923553466797,rubert
44,Выдержка из книги для упрощения процесса запоминания была краткой,SG-SG-SG,SG,SG,SG,краткой,13.17536449432373,rubert
44,Выдержка из книги для упрощения процесса запоминания были краткими,SG-SG-PL,SG,SG,PL,краткими,13.479802131652832,rubert
44,Выдержка из книг для упрощения процесса запоминания была краткой,SG-PL-SG,SG,PL,SG,краткой,12.844390869140625,rubert
44,Выдержка из книг для упрощения процесса запоминания были краткими,SG-PL-PL,SG,PL,PL,краткими,13.802927017211914,rubert
44,Выдержки из книги для упрощения процесса запоминания была краткой,PL-SG-SG,PL,SG,SG,краткой,11.488147735595703,rubert
44,Выдержки из книги для упрощения процесса запоминания были краткими,PL-SG-PL,PL,SG,PL,краткими,15.323941230773926,rubert
44,Выдержки из книг для упрощения процесса запоминания была краткой,PL-PL-SG,PL,PL,SG,краткой,11.614849090576172,rubert
44,Выдержки из книг для упрощения процесса запоминания были краткими,PL-PL-PL,PL,PL,PL,краткими,15.256160736083984,rubert
45,Выписка из программы во время затянувшегося заседания была сделана,SG-SG-SG,SG,SG,SG,сделана,14.97244644165039,rubert
45,Выписка из программы во время затянувшегося заседания были сделаны,SG-SG-PL,SG,SG,PL,сделаны,15.954866409301758,rubert
45,Выписка из программ во время затянувшегося заседания была сделана,SG-PL-SG,SG,PL,SG,сделана,14.797433853149414,rubert
45,Выписка из программ во время затянувшегося заседания были сделаны,SG-PL-PL,SG,PL,PL,сделаны,16.28114128112793,rubert
45,Выписки из программы во время затянувшегося заседания была сделана,PL-SG-SG,PL,SG,SG,сделана,13.635680198669434,rubert
45,Выписки из программы во время затянувшегося заседания были сделаны,PL-SG-PL,PL,SG,PL,сделаны,16.815269470214844,rubert
45,Выписки из программ во время затянувшегося заседания была сделана,PL-PL-SG,PL,PL,SG,сделана,14.050233840942383,rubert
45,Выписки из программ во время затянувшегося заседания были сделаны,PL-PL-PL,PL,PL,PL,сделаны,16.956796646118164,rubert
46,Выход из ситуации для опытного школьного психолога был очевидным,SG-SG-SG,SG,SG,SG,очевидным,16.72157859802246,rubert
46,Выход из ситуации для опытного школьного психолога были очевидными,SG-SG-PL,SG,SG,PL,очевидными,16.712743759155273,rubert
46,Выход из ситуаций для опытного школьного психолога был очевидным,SG-PL-SG,SG,PL,SG,очевидным,16.421241760253906,rubert
46,Выход из ситуаций для опытного школьного психолога были очевидными,SG-PL-PL,SG,PL,PL,очевидными,17.056501388549805,rubert
46,Выходы из ситуации для опытного школьного психолога был очевидным,PL-SG-SG,PL,SG,SG,очевидным,15.501401901245117,rubert
46,Выходы из ситуации для опытного школьного психолога были очевидными,PL-SG-PL,PL,SG,PL,очевидными,16.764923095703125,rubert
46,Выходы из ситуаций для опытного школьного психолога был очевидным,PL-PL-SG,PL,PL,SG,очевидным,15.736610412597656,rubert
46,Выходы из ситуаций для опытного школьного психолога были очевидными,PL-PL-PL,PL,PL,PL,очевидными,16.58895492553711,rubert
47,Доска для афиши к ограде маленького театра была прибита,SG-SG-SG,SG,SG,SG,прибита,13.308456420898438,rubert
47,Доска для афиши к ограде маленького театра были прибиты,SG-SG-PL,SG,SG,PL,прибиты,14.101645469665527,rubert
47,Доска для афиш к ограде маленького театра была прибита,SG-PL-SG,SG,PL,SG,прибита,13.276712417602539,rubert
47,Доска для афиш к ограде маленького театра были прибиты,SG-PL-PL,SG,PL,PL,прибиты,13.994104385375977,rubert
47,Доски для афиши к ограде маленького театра была прибита,PL-SG-SG,PL,SG,SG,прибита,12.310269355773926,rubert
47,Доски для афиши к ограде маленького театра были прибиты,PL-SG-PL,PL,SG,PL,прибиты,15.699031829833984,rubert
47,Доски для афиш к ограде маленького театра была прибита,PL-PL-SG,PL,PL,SG,прибита,12.29411506652832,rubert
47,Доски для афиш к ограде маленького театра были прибиты,PL-PL-PL,PL,PL,PL,прибиты,15.663718223571777,rubert
48,Задержка из-за наводнения из-за отсутствия достоверной информации была пугающей,SG-SG-SG,SG,SG,SG,пугающей,14.910416603088379,rubert
48,Задержка из-за наводнения из-за отсутствия достоверной информации были пугающими,SG-SG-PL,SG,SG,PL,пугающими,15.655949592590332,rubert
48,Задержка из-за наводнений из-за отсутствия достоверной информации была пугающей,SG-PL-SG,SG,PL,SG,пугающей,14.61668872833252,rubert
48,Задержка из-за наводнений из-за отсутствия достоверной информации были пугающими,SG-PL-PL,SG,PL,PL,пугающими,15.673283576965332,rubert
48,Задержки из-за наводнения из-за отсутствия достоверной информации была пугающей,PL-SG-SG,PL,SG,SG,пугающей,13.407896041870117,rubert
48,Задержки из-за наводнения из-за отсутствия достоверной информации были пугающими,PL-SG-PL,PL,SG,PL,пугающими,16.196008682250977,rubert
48,Задержки из-за наводнений из-за отсутствия достоверной информации была пугающей,PL-PL-SG,PL,PL,SG,пугающей,13.384839057922363,rubert
48,Задержки из-за наводнений из-за отсутствия достоверной информации были пугающими,PL-PL-PL,PL,PL,PL,пугающими,16.31764793395996,rubert
49,Зал для заседания по масштабам небольшого городка был громадным,SG-SG-SG,SG,SG,SG,громадным,13.668889045715332,rubert
49,Зал для заседания по масштабам небольшого городка были громадными,SG-SG-PL,SG,SG,PL,громадными,13.63117790222168,rubert
49,Зал для заседаний по масштабам небольшого городка был громадным,SG-PL-SG,SG,PL,SG,громадным,14.16751766204834,rubert
49,Зал для заседаний по масштабам небольшого городка были громадными,SG-PL-PL,SG,PL,PL,громадными,13.893756866455078,rubert
49,Залы для заседания по масштабам небольшого городка был громадным,PL-SG-SG,PL,SG,SG,громадным,13.411685943603516,rubert
49,Залы для заседания по масштабам небольшого городка были громадными,PL-SG-PL,PL,SG,PL,громадными,14.048901557922363,rubert
49,Залы для заседаний по масштабам небольшого городка был громадным,PL-PL-SG,PL,PL,SG,громадным,13.844630241394043,rubert
49,Залы для заседаний по масштабам небольшого городка были громадными,PL-PL-PL,PL,PL,PL,громадными,14.292174339294434,rubert
50,Запчасть для иномарки по меркам современного автовладельца была старой,SG-SG-SG,SG,SG,SG,старой,12.881683349609375,rubert
50,Запчасть для иномарки по меркам современного автовладельца были старыми,SG-SG-PL,SG,SG,PL,старыми,14.201825141906738,rubert
50,Запчасть для иномарок по меркам современного автовладельца была старой,SG-PL-SG,SG,PL,SG,старой,12.938163757324219,rubert
50,Запчасть для иномарок по меркам современного автовладельца были старыми,SG-PL-PL,SG,PL,PL,старыми,14.079763412475586,rubert
50,Запчасти для иномарки по меркам современного автовладельца была старой,PL-SG-SG,PL,SG,SG,старой,11.566054344177246,rubert
50,Запчасти для иномарки по меркам современного автовладельца были старыми,PL-SG-PL,PL,SG,PL,старыми,13.461872100830078,rubert
50,Запчасти для иномарок по меркам современного автовладельца была старой,PL-PL-SG,PL,PL,SG,старой,11.556986808776855,rubert
50,Запчасти для иномарок по меркам современного автовладельца были старыми,PL-PL-PL,PL,PL,PL,старыми,13.383759498596191,rubert
51,Исключение из правила на аккуратно свёрнутую шпаргалку было выписано,SG-SG-SG,SG,SG,SG,выписано,15.849078178405762,rubert
51,Исключение из правила на аккуратно свёрнутую шпаргалку были выписаны,SG-SG-PL,SG,SG,PL,выписаны,16.06338119506836,rubert
51,Исключение из правил на аккуратно свёрнутую шпаргалку было выписано,SG-PL-SG,SG,PL,SG,выписано,15.969325065612793,rubert
51,Исключение из правил на аккуратно свёрнутую шпаргалку были выписаны,SG-PL-PL,SG,PL,PL,выписаны,15.517877578735352,rubert
51,Исключения из правила на аккуратно свёрнутую шпаргалку было выписано,PL-SG-SG,PL,SG,SG,выписано,15.987210273742676,rubert
51,Исключения из правила на аккуратно свёрнутую шпаргалку были выписаны,PL-SG-PL,PL,SG,PL,выписаны,17.976787567138672,rubert
51,Исключения из правил на аккуратно свёрнутую шпаргалку было выписано,PL-PL-SG,PL,PL,SG,выписано,15.57493782043457,rubert
51,Исключения из правил на аккуратно свёрнутую шпаргалку были выписаны,PL-PL-PL,PL,PL,PL,выписаны,17.515602111816406,rubert
52,Истерика из-за оценки по мнению родителей девочки была бурной,SG-SG-SG,SG,SG,SG,бурной,13.271745681762695,rubert
52,Истерика из-за оценки по мнению родителей девочки были бурными,SG-SG-PL,SG,SG,PL,бурными,14.744058609008789,rubert
52,Истерика из-за оценок по мнению родителей девочки была бурной,SG-PL-SG,SG,PL,SG,бурной,13.26251220703125,rubert
52,Истерика из-за оценок по мнению родителей девочки были бурными,SG-PL-PL,SG,PL,PL,бурными,14.945560455322266,rubert
52,Истерики из-за оценки по мнению родителей девочки была бурной,PL-SG-SG,PL,SG,SG,бурной,13.188448905944824,rubert
52,Истерики из-за оценки по мнению родителей девочки были бурными,PL-SG-PL,PL,SG,PL,бурными,14.854297637939453,rubert
52,Истерики из-за оценок по мнению родителей девочки была бурной,PL-PL-SG,PL,PL,SG,бурной,13.061352729797363,rubert
52,Истерики из-за оценок по мнению родителей девочки были бурными,PL-PL-PL,PL,PL,PL,бурными,15.101275444030762,rubert
53,Камень для ограды с лучшей итальянской каменоломни был завезён,SG-SG-SG,SG,SG,SG,завезён,14.466073989868164,rubert
53,Камень для ограды с лучшей итальянской каменоломни были завезены,SG-SG-PL,SG,SG,PL,завезены,14.882936477661133,rubert
53,Камень для оград с лучшей итальянской каменоломни был завезён,SG-PL-SG,SG,PL,SG,завезён,14.320788383483887,rubert
53,Камень для оград с лучшей итальянской каменоломни были завезены,SG-PL-PL,SG,PL,PL,завезены,14.723466873168945,rubert
53,Камни для ограды с лучшей итальянской каменоломни был завезён,PL-SG-SG,PL,SG,SG,завезён,13.338627815246582,rubert
53,Камни для ограды с лучшей итальянской каменоломни были завезены,PL-SG-PL,PL,SG,PL,завезены,15.264535903930664,rubert
53,Камни для оград с лучшей итальянской каменоломни был завезён,PL-PL-SG,PL,PL,SG,завезён,13.466495513916016,rubert
53,Камни для оград с лучшей итальянской каменоломни были завезены,PL-PL-PL,PL,PL,PL,завезены,15.058032989501953,rubert
54,Кирпич для дачи со склада бракованной продукции был привезён,SG-SG-SG,SG,SG,SG,привезён,15.7557954788208,rubert
54,Кирпич для дачи со склада бракованной продукции были привезены,SG-SG-PL,SG,SG,PL,привезены,17.18896484375,rubert
54,Кирпич для дач со склада бракованной продукции был привезён,SG-PL-SG,SG,PL,SG,привезён,15.899508476257324,rubert
54,Кирпич для дач со склада бракованной продукции были привезены,SG-PL-PL,SG,PL,PL,привезены,17.64805030822754,rubert
54,Кирпичи для дачи со склада бракованной продукции был привезён,PL-SG-SG,PL,SG,SG,привезён,14.267741203308105,rubert
54,Кирпичи для дачи со склада бракованной продукции были привезены,PL-SG-PL,PL,SG,PL,привезены,17.664430618286133,rubert
54,Кирпичи для дач со склада бракованной продукции был привезён,PL-PL-SG,PL,PL,SG,привезён,13.018651962280273,rubert
54,Кирпичи для дач со склада бракованной продукции были привезены,PL-PL-PL,PL,PL,PL,привезены,17.773189544677734,rubert
55,Ключ от шкатулки из-за высокой влажности воздуха был ржавым,SG-SG-SG,SG,SG,SG,ржавым,13.780990600585938,rubert
55,Ключ от шкатулки из-за высокой влажности воздуха были ржавыми,SG-SG-PL,SG,SG,PL,ржавыми,14.18149471282959,rubert
55,Ключ от шкатулок из-за высокой влажности воздуха был ржавым,SG-PL-SG,SG,PL,SG,ржавым,13.776083946228027,rubert
55,Ключ от шкатулок из-за высокой влажности воздуха были ржавыми,SG-PL-PL,SG,PL,PL,ржавыми,13.955464363098145,rubert
55,Ключи от шкатулки из-за высокой влажности воздуха был ржавым,PL-SG-SG,PL,SG,SG,ржавым,13.350138664245605,rubert
55,Ключи от шкатулки из-за высокой влажности воздуха были ржавыми,PL-SG-PL,PL,SG,PL,ржавыми,15.188874244689941,rubert
55,Ключи от шкатулок из-за высокой влажности воздуха был ржавым,PL-PL-SG,PL,PL,SG,ржавым,13.46612548828125,rubert
55,Ключи от шкатулок из-за высокой влажности воздуха были ржавыми,PL-PL-PL,PL,PL,PL,ржавыми,14.949210166931152,rubert
56,Комната для вечеринки из-за малого количества мебели была просторной,SG-SG-SG,SG,SG,SG,просторной,12.998689651489258,rubert
56,Комната для вечеринки из-за малого количества мебели были просторными,SG-SG-PL,SG,SG,PL,просторными,13.705303192138672,rubert
56,Комната для вечеринок из-за малого количества мебели была просторной,SG-PL-SG,SG,PL,SG,просторной,12.640238761901855,rubert
56,Комната для вечеринок из-за малого количества мебели были просторными,SG-PL-PL,SG,PL,PL,просторными,13.00717830657959,rubert
56,Комнаты для вечеринки из-за малого количества мебели была просторной,PL-SG-SG,PL,SG,SG,просторной,12.047283172607422,rubert
56,Комнаты для вечеринки из-за малого количества мебели были просторными,PL-SG-PL,PL,SG,PL,просторными,14.760229110717773,rubert
56,Комнаты для вечеринок из-за малого количества мебели была просторной,PL-PL-SG,PL,PL,SG,просторной,11.837373733520508,rubert
56,Комнаты для вечеринок из-за малого количества мебели были просторными,PL-PL-PL,PL,PL,PL,просторными,13.947436332702637,rubert
57,Кондиционер для помещения из-за ошибки заводских сборщиков был неисправен,SG-SG-SG,SG,SG,SG,неисправен,13.96314525604248,rubert
57,Кондиционер для помещения из-за ошибки заводских сборщиков были неисправны,SG-SG-PL,SG,SG,PL,неисправны,14.101096153259277,rubert
57,Кондиционер для помещений из-за ошибки заводских сборщиков был неисправен,SG-PL-SG,SG,PL,SG,неисправен,14.184160232543945,rubert
57,Кондиционер для помещений из-за ошибки заводских сборщиков были неисправны,SG-PL-PL,SG,PL,PL,неисправны,13.817647933959961,rubert
57,Кондиционеры для помещения из-за ошибки заводских сборщиков был неисправен,PL-SG-SG,PL,SG,SG,неисправен,12.54835033416748,rubert
57,Кондиционеры для помещения из-за ошибки заводских сборщиков были неисправны,PL-SG-PL,PL,SG,PL,неисправны,14.938426971435547,rubert
57,Кондиционеры для помещений из-за ошибки заводских сборщиков был неисправен,PL-PL-SG,PL,PL,SG,неисправен,12.810099601745605,rubert
57,Кондиционеры для помещений из-за ошибки заводских сборщиков были неисправны,PL-PL-PL,PL,PL,PL,неисправны,14.931366920471191,rubert
58,Коробка для краски из-за экологических убеждений производителя была картонной,SG-SG-SG,SG,SG,SG,картонной,13.325246810913086,rubert
58,Коробка для краски из-за экологических убеждений производителя были картонными,SG-SG-PL,SG,SG,PL,картонными,12.823290824890137,rubert
58,Коробка для красок из-за экологических убеждений производителя была картонной,SG-PL-SG,SG,PL,SG,картонной,13.078227996826172,rubert
58,Коробка для красок из-за экологических убеждений производителя были картонными,SG-PL-PL,SG,PL,PL,картонными,12.526479721069336,rubert
58,Коробки для краски из-за экологических убеждений производителя была картонной,PL-SG-SG,PL,SG,SG,картонной,12.453805923461914,rubert
58,Коробки для краски из-за экологических убеждений производителя были картонными,PL-SG-PL,PL,SG,PL,картонными,14.7981595993042,rubert
58,Коробки для красок из-за экологических убеждений производителя была картонной,PL-PL-SG,PL,PL,SG,картонной,12.216747283935547,rubert
58,Коробки для красок из-за экологических убеждений производителя были картонными,PL-PL-PL,PL,PL,PL,картонными,14.876928329467773,rubert
59,Лекарство от болезни для отдельных категорий граждан было доступным,SG-SG-SG,SG,SG,SG,доступным,14.297871589660645,rubert
59,Лекарство от болезни для отдельных категорий граждан были доступными,SG-SG-PL,SG,SG,PL,доступными,15.031982421875,rubert
59,Лекарство от болезней для отдельных категорий граждан было доступным,SG-PL-SG,SG,PL,SG,доступным,14.145094871520996,rubert
59,Лекарство от болезней для отдельных категорий граждан были доступными,SG-PL-PL,SG,PL,PL,доступными,14.743484497070312,rubert
59,Лекарства от болезни для отдельных категорий граждан было доступным,PL-SG-SG,PL,SG,SG,доступным,13.33975887298584,rubert
59,Лекарства от болезни для отдельных категорий граждан были доступными,PL-SG-PL,PL,SG,PL,доступными,14.886881828308105,rubert
59,Лекарства от болезней для отдельных категорий граждан было доступным,PL-PL-SG,PL,PL,SG,доступным,13.910002708435059,rubert
59,Лекарства от болезней для отдельных категорий граждан были доступными,PL-PL-PL,PL,PL,PL,доступными,14.70314884185791,rubert
60,Лимузин для свадьбы с яркими розовыми бантами был белым,SG-SG-SG,SG,SG,SG,белым,12.807382583618164,rubert
60,Лимузин для свадьбы с яркими розовыми бантами были белыми,SG-SG-PL,SG,SG,PL,белыми,13.4049072265625,rubert
60,Лимузин для свадеб с яркими розовыми бантами был белым,SG-PL-SG,SG,PL,SG,белым,13.081982612609863,rubert
60,Лимузин для свадеб с яркими розовыми бантами были белыми,SG-PL-PL,SG,PL,PL,белыми,13.01264476776123,rubert
60,Лимузины для свадьбы с яркими розовыми бантами был белым,PL-SG-SG,PL,SG,SG,белым,12.253973007202148,rubert
60,Лимузины для свадьбы с яркими розовыми бантами были белыми,PL-SG-PL,PL,SG,PL,белыми,15.084075927734375,rubert
60,Лимузины для свадеб с яркими розовыми бантами был белым,PL-PL-SG,PL,PL,SG,белым,12.432258605957031,rubert
60,Лимузины для свадеб с яркими розовыми бантами были белыми,PL-PL-PL,PL,PL,PL,белыми,15.304502487182617,rubert
61,Лозунг из листовки с целью привлечения внимания был придуман,SG-SG-SG,SG,SG,SG,придуман,15.163457870483398,rubert
61,Лозунг из листовки с целью привлечения внимания были придуманы,SG-SG-PL,SG,SG,PL,придуманы,15.405771255493164,rubert
61,Лозунг из листовок с целью привлечения внимания был придуман,SG-PL-SG,SG,PL,SG,придуман,15.127157211303711,rubert
61,Лозунг из листовок с целью привлечения внимания были придуманы,SG-PL-PL,SG,PL,PL,придуманы,15.31754207611084,rubert
61,Лозунги из листовки с целью привлечения внимания был придуман,PL-SG-SG,PL,SG,SG,придуман,14.318241119384766,rubert
61,Лозунги из листовки с целью привлечения внимания были придуманы,PL-SG-PL,PL,SG,PL,придуманы,16.797327041625977,rubert
61,Лозунги из листовок с целью привлечения внимания был придуман,PL-PL-SG,PL,PL,SG,придуман,13.988775253295898,rubert
61,Лозунги из листовок с целью привлечения внимания были придуманы,PL-PL-PL,PL,PL,PL,придуманы,16.19167709350586,rubert
62,Массовка для съёмки из числа местных студентов была набрана,SG-SG-SG,SG,SG,SG,набрана,15.043394088745117,rubert
62,Массовка для съёмки из числа местных студентов были набраны,SG-SG-PL,SG,SG,PL,набраны,14.92436408996582,rubert
62,Массовка для съёмок из числа местных студентов была набрана,SG-PL-SG,SG,PL,SG,набрана,15.178728103637695,rubert
62,Массовка для съёмок из числа местных студентов были набраны,SG-PL-PL,SG,PL,PL,набраны,14.94677448272705,rubert
62,Массовки для съёмки из числа местных студентов была набрана,PL-SG-SG,PL,SG,SG,набрана,13.170022964477539,rubert
62,Массовки для съёмки из числа местных студентов были набраны,PL-SG-PL,PL,SG,PL,набраны,15.304408073425293,rubert
62,Массовки для съёмок из числа местных студентов была набрана,PL-PL-SG,PL,PL,SG,набрана,13.107635498046875,rubert
62,Массовки для съёмок из числа местных студентов были набраны,PL-PL-PL,PL,PL,PL,набраны,15.239081382751465,rubert
63,Материал для крыши из-за нарушения режима хранения был бракованным,SG-SG-SG,SG,SG,SG,бракованным,14.128194808959961,rubert
63,Материал для крыши из-за нарушения режима хранения были бракованными,SG-SG-PL,SG,SG,PL,бракованными,13.6659517288208,rubert
63,Материал для крыш из-за нарушения режима хранения был бракованным,SG-PL-SG,SG,PL,SG,бракованным,14.251277923583984,rubert
63,Материал для крыш из-за нарушения режима хранения были бракованными,SG-PL-PL,SG,PL,PL,бракованными,13.219765663146973,rubert
63,Материалы для крыши из-за нарушения режима хранения был бракованным,PL-SG-SG,PL,SG,SG,бракованным,13.99411392211914,rubert
63,Материалы для крыши из-за нарушения режима хранения были бракованными,PL-SG-PL,PL,SG,PL,бракованными,15.326335906982422,rubert
63,Материалы для крыш из-за нарушения режима хранения был бракованным,PL-PL-SG,PL,PL,SG,бракованным,13.7476806640625,rubert
63,Материалы для крыш из-за нарушения режима хранения были бракованными,PL-PL-PL,PL,PL,PL,бракованными,16.673982620239258,rubert
64,Мотор для лодки с учётом пожеланий рыбаков был заказан,SG-SG-SG,SG,SG,SG,заказан,13.202302932739258,rubert
64,Мотор для лодки с учётом пожеланий рыбаков были заказаны,SG-SG-PL,SG,SG,PL,заказаны,13.897302627563477,rubert
64,Мотор для лодок с учётом пожеланий рыбаков был заказан,SG-PL-SG,SG,PL,SG,заказан,13.283607482910156,rubert
64,Мотор для лодок с учётом пожеланий рыбаков были заказаны,SG-PL-PL,SG,PL,PL,заказаны,13.727861404418945,rubert
64,Моторы для лодки с учётом пожеланий рыбаков был заказан,PL-SG-SG,PL,SG,SG,заказан,12.084036827087402,rubert
64,Моторы для лодки с учётом пожеланий рыбаков были заказаны,PL-SG-PL,PL,SG,PL,заказаны,14.621031761169434,rubert
64,Моторы для лодок с учётом пожеланий рыбаков был заказан,PL-PL-SG,PL,PL,SG,заказан,12.221724510192871,rubert
64,Моторы для лодок с учётом пожеланий рыбаков были заказаны,PL-PL-PL,PL,PL,PL,заказаны,14.743066787719727,rubert
65,Мяч для игры для детских дошкольных учреждений был разработан,SG-SG-SG,SG,SG,SG,разработан,13.066694259643555,rubert
65,Мяч для игры для детских дошкольных учреждений были разработаны,SG-SG-PL,SG,SG,PL,разработаны,13.365273475646973,rubert
65,Мяч для игр для детских дошкольных учреждений был разработан,SG-PL-SG,SG,PL,SG,разработан,13.326642036437988,rubert
65,Мяч для игр для детских дошкольных учреждений были разработаны,SG-PL-PL,SG,PL,PL,разработаны,13.6039400100708,rubert
65,Мячи для игры для детских дошкольных учреждений был разработан,PL-SG-SG,PL,SG,SG,разработан,12.05376148223877,rubert
65,Мячи для игры для детских дошкольных учреждений были разработаны,PL-SG-PL,PL,SG,PL,разработаны,14.578226089477539,rubert
65,Мячи для игр для детских дошкольных учреждений был разработан,PL-PL-SG,PL,PL,SG,разработан,12.364603996276855,rubert
65,Мячи для игр для детских дошкольных учреждений были разработаны,PL-PL-PL,PL,PL,PL,разработаны,15.23658561706543,rubert
66,Перелом из-за падения из-за преклонного возраста альпиниста был тяжёлым,SG-SG-SG,SG,SG,SG,тяжёлым,13.74718952178955,rubert
66,Перелом из-за падения из-за преклонного возраста альпиниста были тяжёлыми,SG-SG-PL,SG,SG,PL,тяжёлыми,13.90584945678711,rubert
66,Перелом из-за падений из-за преклонного возраста альпиниста был тяжёлым,SG-PL-SG,SG,PL,SG,тяжёлым,13.847251892089844,rubert
66,Перелом из-за падений из-за преклонного возраста альпиниста были тяжёлыми,SG-PL-PL,SG,PL,PL,тяжёлыми,13.481925964355469,rubert
66,Переломы из-за падения из-за преклонного возраста альпиниста был тяжёлым,PL-SG-SG,PL,SG,SG,тяжёлым,12.311116218566895,rubert
66,Переломы из-за падения из-за преклонного возраста альпиниста были тяжёлыми,PL-SG-PL,PL,SG,PL,тяжёлыми,14.795130729675293,rubert
66,Переломы из-за падений из-за преклонного возраста альпиниста был тяжёлым,PL-PL-SG,PL,PL,SG,тяжёлым,12.23689079284668,rubert
66,Переломы из-за падений из-за преклонного возраста альпиниста были тяжёлыми,PL-PL-PL,PL,PL,PL,тяжёлыми,14.538259506225586,rubert
67,Пристань для яхты из-за высоких штормовых волн была мокрой,SG-SG-SG,SG,SG,SG,мокрой,12.143326759338379,rubert
67,Пристань для яхты из-за высоких штормовых волн были мокрыми,SG-SG-PL,SG,SG,PL,мокрыми,12.18176555633545,rubert
67,Пристань для яхт из-за высоких штормовых волн была мокрой,SG-PL-SG,SG,PL,SG,мокрой,12.578177452087402,rubert
67,Пристань для яхт из-за высоких штормовых волн были мокрыми,SG-PL-PL,SG,PL,PL,мокрыми,12.36425495147705,rubert
67,Пристани для яхты из-за высоких штормовых волн была мокрой,PL-SG-SG,PL,SG,SG,мокрой,11.92475414276123,rubert
67,Пристани для яхты из-за высоких штормовых волн были мокрыми,PL-SG-PL,PL,SG,PL,мокрыми,14.11418628692627,rubert
67,Пристани для яхт из-за высоких штормовых волн была мокрой,PL-PL-SG,PL,PL,SG,мокрой,12.319672584533691,rubert
67,Пристани для яхт из-за высоких штормовых волн были мокрыми,PL-PL-PL,PL,PL,PL,мокрыми,14.927671432495117,rubert
68,Пропуск из-за травмы с главным врачом команды был согласован,SG-SG-SG,SG,SG,SG,согласован,16.263017654418945,rubert
68,Пропуск из-за травмы с главным врачом команды были согласованы,SG-SG-PL,SG,SG,PL,согласованы,17.113582611083984,rubert
68,Пропуск из-за травм с главным врачом команды был согласован,SG-PL-SG,SG,PL,SG,согласован,16.28331756591797,rubert
68,Пропуск из-за травм с главным врачом команды были согласованы,SG-PL-PL,SG,PL,PL,согласованы,16.996475219726562,rubert
68,Пропуски из-за травмы с главным врачом команды был согласован,PL-SG-SG,PL,SG,SG,согласован,14.06583309173584,rubert
68,Пропуски из-за травмы с главным врачом команды были согласованы,PL-SG-PL,PL,SG,PL,согласованы,16.736509323120117,rubert
68,Пропуски из-за травм с главным врачом команды был согласован,PL-PL-SG,PL,PL,SG,согласован,13.832548141479492,rubert
68,Пропуски из-за травм с главным врачом команды были согласованы,PL-PL-PL,PL,PL,PL,согласованы,16.75231170654297,rubert
69,Рассказ об аварии для усиления эмоционального напряжения был приукрашен,SG-SG-SG,SG,SG,SG,приукрашен,14.55479621887207,rubert
69,Рассказ об аварии для усиления эмоционального напряжения были приукрашены,SG-SG-PL,SG,SG,PL,приукрашены,13.764780044555664,rubert
69,Рассказ об аварий для усиления эмоционального напряжения был приукрашен,SG-PL-SG,SG,PL,SG,приукрашен,14.510502815246582,rubert
69,Рассказ об аварий для усиления эмоционального напряжения были приукрашены,SG-PL-PL,SG,PL,PL,приукрашены,13.701003074645996,rubert
69,Рассказы об аварии для усиления эмоционального напряжения был приукрашен,PL-SG-SG,PL,SG,SG,приукрашен,12.574545860290527,rubert
69,Рассказы об аварии для усиления эмоционального напряжения были приукрашены,PL-SG-PL,PL,SG,PL,приукрашены,15.02322769165039,rubert
69,Рассказы об аварий для усиления эмоционального напряжения был приукрашен,PL-PL-SG,PL,PL,SG,приукрашен,12.885851860046387,rubert
69,Рассказы об аварий для усиления эмоционального напряжения были приукрашены,PL-PL-PL,PL,PL,PL,приукрашены,14.98910903930664,rubert
70,Репортаж для газеты после разрешения публичной огласки был написан,SG-SG-SG,SG,SG,SG,написан,17.472734451293945,rubert
70,Репортаж для газеты после разрешения публичной огласки были написаны,SG-SG-PL,SG,SG,PL,написаны,17.64043426513672,rubert
70,Репортаж для газет после разрешения публичной огласки был написан,SG-PL-SG,SG,PL,SG,написан,17.366851806640625,rubert
70,Репортаж для газет после разрешения публичной огласки были написаны,SG-PL-PL,SG,PL,PL,написаны,17.27372169494629,rubert
70,Репортажи для газеты после разрешения публичной огласки был написан,PL-SG-SG,PL,SG,SG,написан,15.850358009338379,rubert
70,Репортажи для газеты после разрешения публичной огласки были написаны,PL-SG-PL,PL,SG,PL,написаны,18.1007080078125,rubert
70,Репортажи для газет после разрешения публичной огласки был написан,PL-PL-SG,PL,PL,SG,написан,15.936378479003906,rubert
70,Репортажи для газет после разрешения публичной огласки были написаны,PL-PL-PL,PL,PL,PL,написаны,18.124858856201172,rubert
71,Скандал из-за статьи в глазах непосредственных участников был масштабным,SG-SG-SG,SG,SG,SG,масштабным,14.327874183654785,rubert
71,Скандал из-за статьи в глазах непосредственных участников были масштабными,SG-SG-PL,SG,SG,PL,масштабными,14.645313262939453,rubert
71,Скандал из-за статей в глазах непосредственных участников был масштабным,SG-PL-SG,SG,PL,SG,масштабным,14.607190132141113,rubert
71,Скандал из-за статей в глазах непосредственных участников были масштабными,SG-PL-PL,SG,PL,PL,масштабными,14.58864974975586,rubert
71,Скандалы из-за статьи в глазах непосредственных участников был масштабным,PL-SG-SG,PL,SG,SG,масштабным,14.51083755493164,rubert
71,Скандалы из-за статьи в глазах непосредственных участников были масштабными,PL-SG-PL,PL,SG,PL,масштабными,14.900045394897461,rubert
71,Скандалы из-за статей в глазах непосредственных участников был масштабным,PL-PL-SG,PL,PL,SG,масштабным,15.121590614318848,rubert
71,Скандалы из-за статей в глазах непосредственных участников были масштабными,PL-PL-PL,PL,PL,PL,масштабными,15.322816848754883,rubert
72,Скидка от авиакомпании из-за недавнего крушения самолёта была беспрецедентной,SG-SG-SG,SG,SG,SG,беспрецедентной,15.152504920959473,rubert
72,Скидка от авиакомпании из-за недавнего крушения самолёта были беспрецедентными,SG-SG-PL,SG,SG,PL,беспрецедентными,16.463645935058594,rubert
72,Скидка от авиакомпаний из-за недавнего крушения самолёта была беспрецедентной,SG-PL-SG,SG,PL,SG,беспрецедентной,14.708049774169922,rubert
72,Скидка от авиакомпаний из-за недавнего крушения самолёта были беспрецедентными,SG-PL-PL,SG,PL,PL,беспрецедентными,14.79742431640625,rubert
72,Скидки от авиакомпании из-за недавнего крушения самолёта была беспрецедентной,PL-SG-SG,PL,SG,SG,беспрецедентной,14.113178253173828,rubert
72,Скидки от авиакомпании из-за недавнего крушения самолёта были беспрецедентными,PL-SG-PL,PL,SG,PL,беспрецедентными,17.26014518737793,rubert
72,Скидки от авиакомпаний из-за недавнего крушения самолёта была беспрецедентной,PL-PL-SG,PL,PL,SG,беспрецедентной,13.127777099609375,rubert
72,Скидки от авиакомпаний из-за недавнего крушения самолёта были беспрецедентными,PL-PL-PL,PL,PL,PL,беспрецедентными,16.429960250854492,rubert
73,Стекло для беседки из-за неосторожности пьяных грузчиков было разбито,SG-SG-SG,SG,SG,SG,разбито,15.455843925476074,rubert
73,Стекло для беседки из-за неосторожности пьяных грузчиков были разбиты,SG-SG-PL,SG,SG,PL,разбиты,15.010004997253418,rubert
73,Стекло для беседок из-за неосторожности пьяных грузчиков было разбито,SG-PL-SG,SG,PL,SG,разбито,15.69041633605957,rubert
73,Стекло для беседок из-за неосторожности пьяных грузчиков были разбиты,SG-PL-PL,SG,PL,PL,разбиты,15.14940071105957,rubert
73,Стёкла для беседки из-за неосторожности пьяных грузчиков было разбито,PL-SG-SG,PL,SG,SG,разбито,12.29824447631836,rubert
73,Стёкла для беседки из-за неосторожности пьяных грузчиков были разбиты,PL-SG-PL,PL,SG,PL,разбиты,14.812627792358398,rubert
73,Стёкла для беседок из-за неосторожности пьяных грузчиков было разбито,PL-PL-SG,PL,PL,SG,разбито,12.525972366333008,rubert
73,Стёкла для беседок из-за неосторожности пьяных грузчиков были разбиты,PL-PL-PL,PL,PL,PL,разбиты,15.063883781433105,rubert
74,Стол для трапезы на залитую солнцем террасу был вынесен,SG-SG-SG,SG,SG,SG,вынесен,13.142961502075195,rubert
74,Стол для трапезы на залитую солнцем террасу были вынесены,SG-SG-PL,SG,SG,PL,вынесены,14.291655540466309,rubert
74,Стол для трапез на залитую солнцем террасу был вынесен,SG-PL-SG,SG,PL,SG,вынесен,12.958751678466797,rubert
74,Стол для трапез на залитую солнцем террасу были вынесены,SG-PL-PL,SG,PL,PL,вынесены,13.83409309387207,rubert
74,Столы для трапезы на залитую солнцем террасу был вынесен,PL-SG-SG,PL,SG,SG,вынесен,12.352433204650879,rubert
74,Столы для трапезы на залитую солнцем террасу были вынесены,PL-SG-PL,PL,SG,PL,вынесены,14.250116348266602,rubert
74,Столы для трапез на залитую солнцем террасу был вынесен,PL-PL-SG,PL,PL,SG,вынесен,11.657093048095703,rubert
74,Столы для трапез на залитую солнцем террасу были вынесены,PL-PL-PL,PL,PL,PL,вынесены,14.162343978881836,rubert
75,Сувенир для акции в фирменном магазине команды был выбран,SG-SG-SG,SG,SG,SG,выбран,14.568906784057617,rubert
75,Сувенир для акции в фирменном магазине команды были выбраны,SG-SG-PL,SG,SG,PL,выбраны,15.308944702148438,rubert
75,Сувенир для акций в фирменном магазине команды был выбран,SG-PL-SG,SG,PL,SG,выбран,14.337929725646973,rubert
75,Сувенир для акций в фирменном магазине команды были выбраны,SG-PL-PL,SG,PL,PL,выбраны,14.719242095947266,rubert
75,Сувениры для акции в фирменном магазине команды был выбран,PL-SG-SG,PL,SG,SG,выбран,15.080751419067383,rubert
75,Сувениры для акции в фирменном магазине команды были выбраны,PL-SG-PL,PL,SG,PL,выбраны,16.093795776367188,rubert
75,Сувениры для акций в фирменном магазине команды был выбран,PL-PL-SG,PL,PL,SG,выбран,14.044334411621094,rubert
75,Сувениры для акций в фирменном магазине команды были выбраны,PL-PL-PL,PL,PL,PL,выбраны,15.935066223144531,rubert
76,Тень от лампы на высоких сводах храма была видна,SG-SG-SG,SG,SG,SG,видна,15.263622283935547,rubert
76,Тень от лампы на высоких сводах храма были видны,SG-SG-PL,SG,SG,PL,видны,15.899972915649414,rubert
76,Тень от ламп на высоких сводах храма была видна,SG-PL-SG,SG,PL,SG,видна,15.544914245605469,rubert
76,Тень от ламп на высоких сводах храма были видны,SG-PL-PL,SG,PL,PL,видны,15.614114761352539,rubert
76,Тени от лампы на высоких сводах храма была видна,PL-SG-SG,PL,SG,SG,видна,14.014217376708984,rubert
76,Тени от лампы на высоких сводах храма были видны,PL-SG-PL,PL,SG,PL,видны,17.89808464050293,rubert
76,Тени от ламп на высоких сводах храма была видна,PL-PL-SG,PL,PL,SG,видна,14.328912734985352,rubert
76,Тени от ламп на высоких сводах храма были видны,PL-PL-PL,PL,PL,PL,видны,18.15921401977539,rubert
77,Товар с витрины по сильно сниженной цене был продан,SG-SG-SG,SG,SG,SG,продан,17.503559112548828,rubert
77,Товар с витрины по сильно сниженной цене были проданы,SG-SG-PL,SG,SG,PL,проданы,19.50469970703125,rubert
77,Товар с витрин по сильно сниженной цене был продан,SG-PL-SG,SG,PL,SG,продан,17.38898277282715,rubert
77,Товар с витрин по сильно сниженной цене были проданы,SG-PL-PL,SG,PL,PL,проданы,18.88900375366211,rubert
77,Товары с витрины по сильно сниженной цене был продан,PL-SG-SG,PL,SG,SG,продан,16.317703247070312,rubert
77,Товары с витрины по сильно сниженной цене были проданы,PL-SG-PL,PL,SG,PL,проданы,18.449779510498047,rubert
77,Товары с витрин по сильно сниженной цене был продан,PL-PL-SG,PL,PL,SG,продан,15.991317749023438,rubert
77,Товары с витрин по сильно сниженной цене были проданы,PL-PL-PL,PL,PL,PL,проданы,17.74230194091797,rubert
78,Условие для задачи из-за избытка ненужных фактов было запутанным,SG-SG-SG,SG,SG,SG,запутанным,14.132467269897461,rubert
78,Условие для задачи из-за избытка ненужных фактов были запутанными,SG-SG-PL,SG,SG,PL,запутанными,14.481023788452148,rubert
78,Условие для задач из-за избытка ненужных фактов было запутанным,SG-PL-SG,SG,PL,SG,запутанным,14.041221618652344,rubert
78,Условие для задач из-за избытка ненужных фактов были запутанными,SG-PL-PL,SG,PL,PL,запутанными,14.630768775939941,rubert
78,Условия для задачи из-за избытка ненужных фактов было запутанным,PL-SG-SG,PL,SG,SG,запутанным,12.161860466003418,rubert
78,Условия для задачи из-за избытка ненужных фактов были запутанными,PL-SG-PL,PL,SG,PL,запутанными,13.61046314239502,rubert
78,Условия для задач из-за избытка ненужных фактов было запутанным,PL-PL-SG,PL,PL,SG,запутанным,11.875651359558105,rubert
78,Условия для задач из-за избытка ненужных фактов были запутанными,PL-PL-PL,PL,PL,PL,запутанными,13.887511253356934,rubert
79,Шаблон для таблицы для начинающих пользователей компьютера был удобным,SG-SG-SG,SG,SG,SG,удобным,13.781972885131836,rubert
79,Шаблон для таблицы для начинающих пользователей компьютера были удобными,SG-SG-PL,SG,SG,PL,удобными,14.181022644042969,rubert
79,Шаблон для таблиц для начинающих пользователей компьютера был удобным,SG-PL-SG,SG,PL,SG,удобным,13.751317024230957,rubert
79,Шаблон для таблиц для начинающих пользователей компьютера были удобными,SG-PL-PL,SG,PL,PL,удобными,14.205469131469727,rubert
79,Шаблоны для таблицы для начинающих пользователей компьютера был удобным,PL-SG-SG,PL,SG,SG,удобным,12.941990852355957,rubert
79,Шаблоны для таблицы для начинающих пользователей компьютера были удобными,PL-SG-PL,PL,SG,PL,удобными,14.603365898132324,rubert
79,Шаблоны для таблиц для начинающих пользователей компьютера был удобным,PL-PL-SG,PL,PL,SG,удобным,13.080471992492676,rubert
79,Шаблоны для таблиц для начинающих пользователей компьютера были удобными,PL-PL-PL,PL,PL,PL,удобными,14.65767765045166,rubert
80,Шрам после операции с помощью медицинского лазера был удалён,SG-SG-SG,SG,SG,SG,удалён,15.253150939941406,rubert
80,Шрам после операции с помощью медицинского лазера были удалены,SG-SG-PL,SG,SG,PL,удалены,15.17917537689209,rubert
80,Шрам после операций с помощью медицинского лазера был удалён,SG-PL-SG,SG,PL,SG,удалён,14.904886245727539,rubert
80,Шрам после операций с помощью медицинского лазера были удалены,SG-PL-PL,SG,PL,PL,удалены,14.8939847946167,rubert
80,Шрамы после операции с помощью медицинского лазера был удалён,PL-SG-SG,PL,SG,SG,удалён,13.925719261169434,rubert
80,Шрамы после операции с помощью медицинского лазера были удалены,PL-SG-PL,PL,SG,PL,удалены,17.335878372192383,rubert
80,Шрамы после операций с помощью медицинского лазера был удалён,PL-PL-SG,PL,PL,SG,удалён,13.67188549041748,rubert
80,Шрамы после операций с помощью медицинского лазера были удалены,PL-PL-PL,PL,PL,PL,удалены,16.89765739440918,rubert
