item,sentence,condition,head_num,attr_num,verb_num,attention_to_attractor,attention_to_head,head_tokens,attractor_tokens,verb_tokens
1,Абонемент на концерт был дорогим из-за участия популярных артистов,SG-SG-SG,SG,SG,SG,0.09337449073791504,2.1335854530334473,"['абонем', '##ент']",['концерт'],"['был', 'дороги', '##м']"
1,Абонемент на концерт были дорогими из-за участия популярных артистов,SG-SG-PL,SG,SG,PL,0.04057487100362778,2.322390556335449,"['абонем', '##ент']",['концерт'],"['были', 'дороги', '##ми']"
1,Абонемент на концерты был дорогим из-за участия популярных артистов,SG-PL-SG,SG,PL,SG,0.08533599972724915,2.0687289237976074,"['абонем', '##ент']",['концерты'],"['был', 'дороги', '##м']"
1,Абонемент на концерты были дорогими из-за участия популярных артистов,SG-PL-PL,SG,PL,PL,0.05353132262825966,2.308788776397705,"['абонем', '##ент']",['концерты'],"['были', 'дороги', '##ми']"
1,Абонементы на концерт был дорогим из-за участия популярных артистов,PL-SG-SG,PL,SG,SG,0.05710244178771973,2.394629716873169,"['абонем', '##енты']",['концерт'],"['был', 'дороги', '##м']"
1,Абонементы на концерт были дорогими из-за участия популярных артистов,PL-SG-PL,PL,SG,PL,0.1160537600517273,1.6312659978866577,"['абонем', '##енты']",['концерт'],"['были', 'дороги', '##ми']"
1,Абонементы на концерты был дорогим из-за участия популярных артистов,PL-PL-SG,PL,PL,SG,0.03142211586236954,2.3220887184143066,"['абонем', '##енты']",['концерты'],"['был', 'дороги', '##м']"
1,Абонементы на концерты были дорогими из-за участия популярных артистов,PL-PL-PL,PL,PL,PL,0.11610951274633408,1.697212815284729,"['абонем', '##енты']",['концерты'],"['были', 'дороги', '##ми']"
2,Анекдот про экзамен для строгого пожилого учителя был обидным,SG-SG-SG,SG,SG,SG,0.3715268075466156,0.35062336921691895,['анекдот'],['экзамен'],"['для', 'строго', '##го']"
2,Анекдот про экзамен для строгого пожилого учителя были обидными,SG-SG-PL,SG,SG,PL,0.208452969789505,0.44601139426231384,['анекдот'],['экзамен'],"['для', 'строго', '##го']"
2,Анекдот про экзамены для строгого пожилого учителя был обидным,SG-PL-SG,SG,PL,SG,0.1834171861410141,0.5492758750915527,['анекдот'],['экзамены'],"['для', 'строго', '##го']"
2,Анекдот про экзамены для строгого пожилого учителя были обидными,SG-PL-PL,SG,PL,PL,0.2019062340259552,0.5180459022521973,['анекдот'],['экзамены'],"['для', 'строго', '##го']"
2,Анекдоты про экзамен для строгого пожилого учителя был обидным,PL-SG-SG,PL,SG,SG,0.257249653339386,0.3216229975223541,"['анекдот', '##ы']",['экзамен'],"['для', 'строго', '##го']"
2,Анекдоты про экзамен для строгого пожилого учителя были обидными,PL-SG-PL,PL,SG,PL,0.2702004909515381,0.5835716724395752,"['анекдот', '##ы']",['экзамен'],"['для', 'строго', '##го']"
2,Анекдоты про экзамены для строгого пожилого учителя был обидным,PL-PL-SG,PL,PL,SG,0.1010478138923645,0.38082262873649597,"['анекдот', '##ы']",['экзамены'],"['для', 'строго', '##го']"
2,Анекдоты про экзамены для строгого пожилого учителя были обидными,PL-PL-PL,PL,PL,PL,0.18898820877075195,0.6808189153671265,"['анекдот', '##ы']",['экзамены'],"['для', 'строго', '##го']"
3,Арка во двор в несущей конструкции здания была проделана,SG-SG-SG,SG,SG,SG,0.03134564310312271,0.3069794476032257,['арка'],['двор'],"['в', 'несу']"
3,Арка во двор в несущей конструкции здания были проделаны,SG-SG-PL,SG,SG,PL,0.021414294838905334,0.19137781858444214,['арка'],['двор'],"['в', 'несу']"
3,Арка во дворы в несущей конструкции здания была проделана,SG-PL-SG,SG,PL,SG,0.034138113260269165,0.38091278076171875,['арка'],"['двор', '##ы']","['в', 'несу']"
3,Арка во дворы в несущей конструкции здания были проделаны,SG-PL-PL,SG,PL,PL,0.05276878550648689,0.17498978972434998,['арка'],"['двор', '##ы']","['в', 'несу']"
3,Арки во двор в несущей конструкции здания была проделана,PL-SG-SG,PL,SG,SG,0.02548329532146454,0.3447825312614441,"['ар', '##ки']",['двор'],"['в', 'несу']"
3,Арки во двор в несущей конструкции здания были проделаны,PL-SG-PL,PL,SG,PL,0.04143355041742325,0.38339126110076904,"['ар', '##ки']",['двор'],"['в', 'несу']"
3,Арки во дворы в несущей конструкции здания была проделана,PL-PL-SG,PL,PL,SG,0.02770843356847763,0.46027466654777527,"['ар', '##ки']","['двор', '##ы']","['в', 'несу']"
3,Арки во дворы в несущей конструкции здания были проделаны,PL-PL-PL,PL,PL,PL,0.07175067067146301,0.40106943249702454,"['ар', '##ки']","['двор', '##ы']","['в', 'несу']"
4,Атака на крепость из-за стратегической ошибки полководца была безуспешной,SG-SG-SG,SG,SG,SG,0.05344530940055847,0.34799841046333313,['атака'],['крепость'],"['из', '-', 'за', 'стратеги']"
4,Атака на крепость из-за стратегической ошибки полководца были безуспешными,SG-SG-PL,SG,SG,PL,0.055335208773612976,0.28723207116127014,['атака'],['крепость'],"['из', '-', 'за', 'стратеги']"
4,Атака на крепости из-за стратегической ошибки полководца была безуспешной,SG-PL-SG,SG,PL,SG,0.04269791021943092,0.36613816022872925,['атака'],['крепости'],"['из', '-', 'за', 'стратеги']"
4,Атака на крепости из-за стратегической ошибки полководца были безуспешными,SG-PL-PL,SG,PL,PL,0.045453157275915146,0.26938894391059875,['атака'],['крепости'],"['из', '-', 'за', 'стратеги']"
4,Атаки на крепость из-за стратегической ошибки полководца была безуспешной,PL-SG-SG,PL,SG,SG,0.05953163653612137,0.2555909752845764,['атаки'],['крепость'],"['из', '-', 'за', 'стратеги']"
4,Атаки на крепость из-за стратегической ошибки полководца были безуспешными,PL-SG-PL,PL,SG,PL,0.051488399505615234,0.36677953600883484,['атаки'],['крепость'],"['из', '-', 'за', 'стратеги']"
4,Атаки на крепости из-за стратегической ошибки полководца была безуспешной,PL-PL-SG,PL,PL,SG,0.0457463376224041,0.24232639372348785,['атаки'],['крепости'],"['из', '-', 'за', 'стратеги']"
4,Атаки на крепости из-за стратегической ошибки полководца были безуспешными,PL-PL-PL,PL,PL,PL,0.044197432696819305,0.36006152629852295,['атаки'],['крепости'],"['из', '-', 'за', 'стратеги']"
5,Билет в музеи во время уличной демонстрации был утерян,SG-PL-SG,SG,PL,SG,0.14973363280296326,0.03535695746541023,['билет'],['музеи'],"['в', 'в']"
5,Билет в музеи во время уличной демонстрации были утеряны,SG-PL-PL,SG,PL,PL,0.18291626870632172,0.02913517877459526,['билет'],['музеи'],"['в', 'в']"
5,Билеты в музеи во время уличной демонстрации был утерян,PL-PL-SG,PL,PL,SG,0.13254040479660034,0.03048563562333584,['билеты'],['музеи'],"['в', 'в']"
5,Билеты в музеи во время уличной демонстрации были утеряны,PL-PL-PL,PL,PL,PL,0.1366235315799713,0.055771440267562866,['билеты'],['музеи'],"['в', 'в']"
6,Взгляд на снимок из-под длинных опущенных ресниц был брошен,SG-SG-SG,SG,SG,SG,0.20554694533348083,0.13244609534740448,['взгляд'],['снимок'],"['из', '-', 'под', 'длинных']"
6,Взгляд на снимок из-под длинных опущенных ресниц были брошены,SG-SG-PL,SG,SG,PL,0.14078080654144287,0.13633942604064941,['взгляд'],['снимок'],"['из', '-', 'под', 'длинных']"
6,Взгляд на снимки из-под длинных опущенных ресниц был брошен,SG-PL-SG,SG,PL,SG,0.26089146733283997,0.135326087474823,['взгляд'],['снимки'],"['из', '-', 'под', 'длинных']"
6,Взгляд на снимки из-под длинных опущенных ресниц были брошены,SG-PL-PL,SG,PL,PL,0.19313517212867737,0.08527820557355881,['взгляд'],['снимки'],"['из', '-', 'под', 'длинных']"
6,Взгляды на снимок из-под длинных опущенных ресниц был брошен,PL-SG-SG,PL,SG,SG,0.27533653378486633,0.13873131573200226,['взгляды'],['снимок'],"['из', '-', 'под', 'длинных']"
6,Взгляды на снимок из-под длинных опущенных ресниц были брошены,PL-SG-PL,PL,SG,PL,0.24424394965171814,0.22600415349006653,['взгляды'],['снимок'],"['из', '-', 'под', 'длинных']"
6,Взгляды на снимки из-под длинных опущенных ресниц был брошен,PL-PL-SG,PL,PL,SG,0.1524018794298172,0.23867465555667877,['взгляды'],['снимки'],"['из', '-', 'под', 'длинных']"
6,Взгляды на снимки из-под длинных опущенных ресниц были брошены,PL-PL-PL,PL,PL,PL,0.192569300532341,0.17868205904960632,['взгляды'],['снимки'],"['из', '-', 'под', 'длинных']"
7,Возражение на упреки без излишне бурных эмоций было принято,SG-PL-SG,SG,PL,SG,0.16021761298179626,0.13548141717910767,"['возра', '##жение']","['упре', '##ки']","['без', 'излишне']"
7,Возражение на упреки без излишне бурных эмоций были приняты,SG-PL-PL,SG,PL,PL,0.12661978602409363,0.09306257963180542,"['возра', '##жение']","['упре', '##ки']","['без', 'излишне']"
7,Возражения на упреки без излишне бурных эмоций было принято,PL-PL-SG,PL,PL,SG,0.10861700028181076,0.10682833194732666,"['возра', '##жения']","['упре', '##ки']","['без', 'излишне']"
7,Возражения на упреки без излишне бурных эмоций были приняты,PL-PL-PL,PL,PL,PL,0.14194147288799286,0.1135733500123024,"['возра', '##жения']","['упре', '##ки']","['без', 'излишне']"
8,Выстрел в цель из-за сбитого прицела ружья был неточным,SG-SG-SG,SG,SG,SG,0.1952357441186905,0.4322477877140045,['выстрел'],['цель'],"['из', '-', 'за', 'сби', '##того']"
8,Выстрел в цель из-за сбитого прицела ружья были неточными,SG-SG-PL,SG,SG,PL,0.10596539825201035,0.20121727883815765,['выстрел'],['цель'],"['из', '-', 'за', 'сби', '##того']"
8,Выстрел в цели из-за сбитого прицела ружья был неточным,SG-PL-SG,SG,PL,SG,0.14427049458026886,0.5323573350906372,['выстрел'],['цели'],"['из', '-', 'за', 'сби', '##того']"
8,Выстрел в цели из-за сбитого прицела ружья были неточными,SG-PL-PL,SG,PL,PL,0.1154627874493599,0.2850257456302643,['выстрел'],['цели'],"['из', '-', 'за', 'сби', '##того']"
8,Выстрелы в цель из-за сбитого прицела ружья был неточным,PL-SG-SG,PL,SG,SG,0.1133858859539032,0.22418120503425598,['выстрелы'],['цель'],"['из', '-', 'за', 'сби', '##того']"
8,Выстрелы в цель из-за сбитого прицела ружья были неточными,PL-SG-PL,PL,SG,PL,0.24182748794555664,0.36227747797966003,['выстрелы'],['цель'],"['из', '-', 'за', 'сби', '##того']"
8,Выстрелы в цели из-за сбитого прицела ружья был неточным,PL-PL-SG,PL,PL,SG,0.0943034440279007,0.25067880749702454,['выстрелы'],['цели'],"['из', '-', 'за', 'сби', '##того']"
8,Выстрелы в цели из-за сбитого прицела ружья были неточными,PL-PL-PL,PL,PL,PL,0.18211765587329865,0.4366479814052582,['выстрелы'],['цели'],"['из', '-', 'за', 'сби', '##того']"
9,Дорога через лес для снабжения людей провизией была проложена,SG-SG-SG,SG,SG,SG,0.059980105608701706,0.14010298252105713,['дорога'],['лес'],"['для', 'снаб', '##жения']"
9,Дорога через лес для снабжения людей провизией были проложены,SG-SG-PL,SG,SG,PL,0.06604776531457901,0.1335013508796692,['дорога'],['лес'],"['для', 'снаб', '##жения']"
9,Дорога через леса для снабжения людей провизией была проложена,SG-PL-SG,SG,PL,SG,0.06137186288833618,0.10890187323093414,['дорога'],['леса'],"['для', 'снаб', '##жения']"
9,Дорога через леса для снабжения людей провизией были проложены,SG-PL-PL,SG,PL,PL,0.061072107404470444,0.10011811554431915,['дорога'],['леса'],"['для', 'снаб', '##жения']"
9,Дороги через лес для снабжения людей провизией была проложена,PL-SG-SG,PL,SG,SG,0.06751809269189835,0.1317426562309265,['дороги'],['лес'],"['для', 'снаб', '##жения']"
9,Дороги через лес для снабжения людей провизией были проложены,PL-SG-PL,PL,SG,PL,0.07292114198207855,0.11573881655931473,['дороги'],['лес'],"['для', 'снаб', '##жения']"
9,Дороги через леса для снабжения людей провизией была проложена,PL-PL-SG,PL,PL,SG,0.05897492915391922,0.10746955871582031,['дороги'],['леса'],"['для', 'снаб', '##жения']"
9,Дороги через леса для снабжения людей провизией были проложены,PL-PL-PL,PL,PL,PL,0.06826446950435638,0.08988106995820999,['дороги'],['леса'],"['для', 'снаб', '##жения']"
10,Жалоба на боль из-за нарушения дыхания пациента была тихой,SG-SG-SG,SG,SG,SG,0.12349724769592285,0.14207185804843903,"['жалоб', '##а']",['боль'],"['из', '-', 'за', 'на']"
10,Жалоба на боль из-за нарушения дыхания пациента были тихими,SG-SG-PL,SG,SG,PL,0.07168934494256973,0.09801045060157776,"['жалоб', '##а']",['боль'],"['из', '-', 'за', 'на']"
10,Жалоба на боли из-за нарушения дыхания пациента была тихой,SG-PL-SG,SG,PL,SG,0.21329805254936218,0.1429651826620102,"['жалоб', '##а']",['боли'],"['из', '-', 'за', 'на']"
10,Жалоба на боли из-за нарушения дыхания пациента были тихими,SG-PL-PL,SG,PL,PL,0.12636828422546387,0.0707358568906784,"['жалоб', '##а']",['боли'],"['из', '-', 'за', 'на']"
10,Жалобы на боль из-за нарушения дыхания пациента была тихой,PL-SG-SG,PL,SG,SG,0.13742268085479736,0.1529141366481781,['жалобы'],['боль'],"['из', '-', 'за', 'на']"
10,Жалобы на боль из-за нарушения дыхания пациента были тихими,PL-SG-PL,PL,SG,PL,0.1088176965713501,0.12832660973072052,['жалобы'],['боль'],"['из', '-', 'за', 'на']"
10,Жалобы на боли из-за нарушения дыхания пациента была тихой,PL-PL-SG,PL,PL,SG,0.17262718081474304,0.13440994918346405,['жалобы'],['боли'],"['из', '-', 'за', 'на']"
10,Жалобы на боли из-за нарушения дыхания пациента были тихими,PL-PL-PL,PL,PL,PL,0.1534455269575119,0.09124046564102173,['жалобы'],['боли'],"['из', '-', 'за', 'на']"
12,Кредит на участок из-за высокой стоимости земли был долгосрочным,SG-SG-SG,SG,SG,SG,0.06366263329982758,0.22238101065158844,['кредит'],['участок'],"['из', '-', 'за']"
12,Кредит на участок из-за высокой стоимости земли были долгосрочными,SG-SG-PL,SG,SG,PL,0.03481147438287735,0.0969943255186081,['кредит'],['участок'],"['из', '-', 'за']"
12,Кредит на участки из-за высокой стоимости земли был долгосрочным,SG-PL-SG,SG,PL,SG,0.08129028975963593,0.20312872529029846,['кредит'],['участки'],"['из', '-', 'за']"
12,Кредит на участки из-за высокой стоимости земли были долгосрочными,SG-PL-PL,SG,PL,PL,0.04964209347963333,0.09631328284740448,['кредит'],['участки'],"['из', '-', 'за']"
12,Кредиты на участок из-за высокой стоимости земли был долгосрочным,PL-SG-SG,PL,SG,SG,0.030558302998542786,0.10538943111896515,['кредиты'],['участок'],"['из', '-', 'за']"
12,Кредиты на участок из-за высокой стоимости земли были долгосрочными,PL-SG-PL,PL,SG,PL,0.051699019968509674,0.14917084574699402,['кредиты'],['участок'],"['из', '-', 'за']"
12,Кредиты на участки из-за высокой стоимости земли был долгосрочным,PL-PL-SG,PL,PL,SG,0.02820669114589691,0.07670415937900543,['кредиты'],['участки'],"['из', '-', 'за']"
12,Кредиты на участки из-за высокой стоимости земли были долгосрочными,PL-PL-PL,PL,PL,PL,0.0694248154759407,0.12538941204547882,['кредиты'],['участки'],"['из', '-', 'за']"
13,Кружево на наряд в вышитый шелковый мешочек было упаковано,SG-SG-SG,SG,SG,SG,0.07965981215238571,0.4311777353286743,"['кружев', '##о']",['на'],"['в', 'в']"
13,Кружево на наряд в вышитый шелковый мешочек были упакованы,SG-SG-PL,SG,SG,PL,0.07417269796133041,1.1660844087600708,"['кружев', '##о']",['на'],"['в', 'в', '##ы']"
13,Кружево на наряды в вышитый шелковый мешочек было упаковано,SG-PL-SG,SG,PL,SG,0.03670889511704445,0.5403925776481628,"['кружев', '##о']",['на'],"['в', 'в']"
13,Кружево на наряды в вышитый шелковый мешочек были упакованы,SG-PL-PL,SG,PL,PL,0.06544917076826096,1.1861834526062012,"['кружев', '##о']",['на'],"['в', 'в', '##ы']"
13,Кружева на наряд в вышитый шелковый мешочек было упаковано,PL-SG-SG,PL,SG,SG,0.08980852365493774,0.4297199845314026,"['кружев', '##а']",['на'],"['в', 'в']"
13,Кружева на наряд в вышитый шелковый мешочек были упакованы,PL-SG-PL,PL,SG,PL,0.11626972258090973,1.1453455686569214,"['кружев', '##а']",['на'],"['в', 'в', '##ы']"
13,Кружева на наряды в вышитый шелковый мешочек было упаковано,PL-PL-SG,PL,PL,SG,0.050908029079437256,0.4479186534881592,"['кружев', '##а']",['на'],"['в', 'в']"
13,Кружева на наряды в вышитый шелковый мешочек были упакованы,PL-PL-PL,PL,PL,PL,0.1079237088561058,1.1542092561721802,"['кружев', '##а']",['на'],"['в', 'в', '##ы']"
14,Легенда про замок в старинной летописи графства была записана,SG-SG-SG,SG,SG,SG,0.039945777505636215,0.23808281123638153,['легенда'],['замок'],"['в', 'старин']"
14,Легенда про замок в старинной летописи графства были записаны,SG-SG-PL,SG,SG,PL,0.03221285343170166,0.24307183921337128,['легенда'],['замок'],"['в', 'старин']"
14,Легенда про замки в старинной летописи графства была записана,SG-PL-SG,SG,PL,SG,0.06208500266075134,0.24420738220214844,['легенда'],['замки'],"['в', 'старин']"
14,Легенда про замки в старинной летописи графства были записаны,SG-PL-PL,SG,PL,PL,0.06826546788215637,0.23506087064743042,['легенда'],['замки'],"['в', 'старин']"
14,Легенды про замок в старинной летописи графства была записана,PL-SG-SG,PL,SG,SG,0.03566945716738701,0.10153893381357193,['легенды'],['замок'],"['в', 'старин']"
14,Легенды про замок в старинной летописи графства были записаны,PL-SG-PL,PL,SG,PL,0.04129650071263313,0.12801703810691833,['легенды'],['замок'],"['в', 'старин']"
14,Легенды про замки в старинной летописи графства была записана,PL-PL-SG,PL,PL,SG,0.05249020829796791,0.1015155166387558,['легенды'],['замки'],"['в', 'старин']"
14,Легенды про замки в старинной летописи графства были записаны,PL-PL-PL,PL,PL,PL,0.07457127422094345,0.11988984793424606,['легенды'],['замки'],"['в', 'старин']"
15,Лестница в подвал из-за отсутствия свободного места была крутой,SG-SG-SG,SG,SG,SG,0.12681612372398376,0.3357444405555725,['лестница'],['подвал'],"['из', '-', 'за', 'отсутствия']"
15,Лестница в подвал из-за отсутствия свободного места были крутыми,SG-SG-PL,SG,SG,PL,0.06190461665391922,0.1549147069454193,['лестница'],['подвал'],"['из', '-', 'за', 'отсутствия']"
15,Лестница в подвалы из-за отсутствия свободного места была крутой,SG-PL-SG,SG,PL,SG,0.10522034764289856,0.3115152418613434,['лестница'],"['подвал', '##ы']","['из', '-', 'за', 'отсутствия']"
15,Лестница в подвалы из-за отсутствия свободного места были крутыми,SG-PL-PL,SG,PL,PL,0.06724134087562561,0.1175655871629715,['лестница'],"['подвал', '##ы']","['из', '-', 'за', 'отсутствия']"
15,Лестницы в подвал из-за отсутствия свободного места была крутой,PL-SG-SG,PL,SG,SG,0.09825803339481354,0.23802834749221802,['лестницы'],['подвал'],"['из', '-', 'за', 'отсутствия']"
15,Лестницы в подвал из-за отсутствия свободного места были крутыми,PL-SG-PL,PL,SG,PL,0.08238174021244049,0.3820313811302185,['лестницы'],['подвал'],"['из', '-', 'за', 'отсутствия']"
15,Лестницы в подвалы из-за отсутствия свободного места была крутой,PL-PL-SG,PL,PL,SG,0.07842127978801727,0.14545831084251404,['лестницы'],"['подвал', '##ы']","['из', '-', 'за', 'отсутствия']"
15,Лестницы в подвалы из-за отсутствия свободного места были крутыми,PL-PL-PL,PL,PL,PL,0.08152467757463455,0.27173030376434326,['лестницы'],"['подвал', '##ы']","['из', '-', 'за', 'отсутствия']"
16,Мост через овраг после окончания военных действий был возведен,SG-SG-SG,SG,SG,SG,0.033551402390003204,0.2308577597141266,['мост'],"['овра', '##г']","['после', 'окончания']"
16,Мост через овраг после окончания военных действий были возведены,SG-SG-PL,SG,SG,PL,0.03454572707414627,0.1517142653465271,['мост'],"['овра', '##г']","['после', 'окончания']"
16,Мост через овраги после окончания военных действий был возведен,SG-PL-SG,SG,PL,SG,0.031259771436452866,0.2079012393951416,['мост'],"['овра', '##ги']","['после', 'окончания']"
16,Мост через овраги после окончания военных действий были возведены,SG-PL-PL,SG,PL,PL,0.029777945950627327,0.16222810745239258,['мост'],"['овра', '##ги']","['после', 'окончания']"
16,Мосты через овраг после окончания военных действий был возведен,PL-SG-SG,PL,SG,SG,0.0430750846862793,0.1355624943971634,['мосты'],"['овра', '##г']","['после', 'окончания']"
16,Мосты через овраг после окончания военных действий были возведены,PL-SG-PL,PL,SG,PL,0.0392155796289444,0.20631423592567444,['мосты'],"['овра', '##г']","['после', 'окончания']"
16,Мосты через овраги после окончания военных действий был возведен,PL-PL-SG,PL,PL,SG,0.0348106324672699,0.1009049117565155,['мосты'],"['овра', '##ги']","['после', 'окончания']"
16,Мосты через овраги после окончания военных действий были возведены,PL-PL-PL,PL,PL,PL,0.03725592792034149,0.18625061213970184,['мосты'],"['овра', '##ги']","['после', 'окончания']"
17,Налог на доход из-за смены политического курса был повышен,SG-SG-SG,SG,SG,SG,0.08254194259643555,0.3941309154033661,['налог'],['доход'],"['из', '-', 'за', 'смены']"
17,Налог на доход из-за смены политического курса были повышены,SG-SG-PL,SG,SG,PL,0.06143680959939957,0.315049409866333,['налог'],['доход'],"['из', '-', 'за', 'смены']"
17,Налог на доходы из-за смены политического курса был повышен,SG-PL-SG,SG,PL,SG,0.06949040293693542,0.3360660672187805,['налог'],['доходы'],"['из', '-', 'за', 'смены']"
17,Налог на доходы из-за смены политического курса были повышены,SG-PL-PL,SG,PL,PL,0.07633066177368164,0.2180272936820984,['налог'],['доходы'],"['из', '-', 'за', 'смены']"
17,Налоги на доход из-за смены политического курса был повышен,PL-SG-SG,PL,SG,SG,0.11124256998300552,0.13060373067855835,['налоги'],['доход'],"['из', '-', 'за', 'смены']"
17,Налоги на доход из-за смены политического курса были повышены,PL-SG-PL,PL,SG,PL,0.1138300970196724,0.20185168087482452,['налоги'],['доход'],"['из', '-', 'за', 'смены']"
17,Налоги на доходы из-за смены политического курса был повышен,PL-PL-SG,PL,PL,SG,0.047583818435668945,0.10870091617107391,['налоги'],['доходы'],"['из', '-', 'за', 'смены']"
17,Налоги на доходы из-за смены политического курса были повышены,PL-PL-PL,PL,PL,PL,0.11109506338834763,0.1304544359445572,['налоги'],['доходы'],"['из', '-', 'за', 'смены']"
18,Нападение на банк с применением холодного оружия было совершено,SG-SG-SG,SG,SG,SG,0.06057598441839218,0.20567601919174194,['нападение'],['банк'],"['с', 'применением']"
18,Нападение на банк с применением холодного оружия были совершены,SG-SG-PL,SG,SG,PL,0.049621760845184326,0.12497958540916443,['нападение'],['банк'],"['с', 'применением']"
18,Нападение на банки с применением холодного оружия было совершено,SG-PL-SG,SG,PL,SG,0.12530960142612457,0.1901913732290268,['нападение'],['банки'],"['с', 'применением']"
18,Нападение на банки с применением холодного оружия были совершены,SG-PL-PL,SG,PL,PL,0.09257422387599945,0.12050601094961166,['нападение'],['банки'],"['с', 'применением']"
18,Нападения на банк с применением холодного оружия было совершено,PL-SG-SG,PL,SG,SG,0.06659894436597824,0.3621341586112976,['нападения'],['банк'],"['с', 'применением']"
18,Нападения на банк с применением холодного оружия были совершены,PL-SG-PL,PL,SG,PL,0.07093244045972824,0.3281473219394684,['нападения'],['банк'],"['с', 'применением']"
18,Нападения на банки с применением холодного оружия было совершено,PL-PL-SG,PL,PL,SG,0.08556323498487473,0.32541829347610474,['нападения'],['банки'],"['с', 'применением']"
18,Нападения на банки с применением холодного оружия были совершены,PL-PL-PL,PL,PL,PL,0.08506406843662262,0.2963297367095947,['нападения'],['банки'],"['с', 'применением']"
19,Окно в сад из-за сильного холодного ветра было закрыто,SG-SG-SG,SG,SG,SG,0.08246509730815887,0.30017969012260437,['окно'],['сад'],"['из', '-', 'за', 'сильного']"
19,Окно в сад из-за сильного холодного ветра были закрыты,SG-SG-PL,SG,SG,PL,0.09281715005636215,0.27948081493377686,['окно'],['сад'],"['из', '-', 'за', 'сильного']"
19,Окно в сады из-за сильного холодного ветра было закрыто,SG-PL-SG,SG,PL,SG,0.06401452422142029,0.3339235186576843,['окно'],['сады'],"['из', '-', 'за', 'сильного']"
19,Окно в сады из-за сильного холодного ветра были закрыты,SG-PL-PL,SG,PL,PL,0.06507608294487,0.2500373125076294,['окно'],['сады'],"['из', '-', 'за', 'сильного']"
19,Окна в сад из-за сильного холодного ветра было закрыто,PL-SG-SG,PL,SG,SG,0.10332253575325012,0.1756519228219986,['окна'],['сад'],"['из', '-', 'за', 'сильного']"
19,Окна в сад из-за сильного холодного ветра были закрыты,PL-SG-PL,PL,SG,PL,0.10727831721305847,0.2851616442203522,['окна'],['сад'],"['из', '-', 'за', 'сильного']"
19,Окна в сады из-за сильного холодного ветра было закрыто,PL-PL-SG,PL,PL,SG,0.09065495431423187,0.18693919479846954,['окна'],['сады'],"['из', '-', 'за', 'сильного']"
19,Окна в сады из-за сильного холодного ветра были закрыты,PL-PL-PL,PL,PL,PL,0.07850129157304764,0.2633723020553589,['окна'],['сады'],"['из', '-', 'за', 'сильного']"
20,Ответ на вопрос из-за недостаточного знания материала был неверным,SG-SG-SG,SG,SG,SG,0.2717464566230774,0.14981231093406677,['ответ'],['вопрос'],"['из', '-', 'за', 'недостаточно', '##го']"
20,Ответ на вопрос из-за недостаточного знания материала были неверными,SG-SG-PL,SG,SG,PL,0.18712134659290314,0.09732313454151154,['ответ'],['вопрос'],"['из', '-', 'за', 'недостаточно', '##го']"
20,Ответ на вопросы из-за недостаточного знания материала был неверным,SG-PL-SG,SG,PL,SG,0.2745133638381958,0.21502834558486938,['ответ'],['вопросы'],"['из', '-', 'за', 'недостаточно', '##го']"
20,Ответ на вопросы из-за недостаточного знания материала были неверными,SG-PL-PL,SG,PL,PL,0.26929473876953125,0.11135989427566528,['ответ'],['вопросы'],"['из', '-', 'за', 'недостаточно', '##го']"
20,Ответы на вопрос из-за недостаточного знания материала был неверным,PL-SG-SG,PL,SG,SG,0.2475910186767578,0.16527040302753448,['ответы'],['вопрос'],"['из', '-', 'за', 'недостаточно', '##го']"
20,Ответы на вопрос из-за недостаточного знания материала были неверными,PL-SG-PL,PL,SG,PL,0.22283852100372314,0.23787559568881989,['ответы'],['вопрос'],"['из', '-', 'за', 'недостаточно', '##го']"
20,Ответы на вопросы из-за недостаточного знания материала был неверным,PL-PL-SG,PL,PL,SG,0.1608545333147049,0.1297588050365448,['ответы'],['вопросы'],"['из', '-', 'за', 'недостаточно', '##го']"
20,Ответы на вопросы из-за недостаточного знания материала были неверными,PL-PL-PL,PL,PL,PL,0.21479274332523346,0.19232940673828125,['ответы'],['вопросы'],"['из', '-', 'за', 'недостаточно', '##го']"
21,Очередь в театр из-за большого наплыва туристов была бесконечной,SG-SG-SG,SG,SG,SG,0.11546985805034637,0.4716809391975403,['очередь'],['театр'],"['из', '-', 'за', 'большого']"
21,Очередь в театр из-за большого наплыва туристов были бесконечными,SG-SG-PL,SG,SG,PL,0.08720505237579346,0.2715255618095398,['очередь'],['театр'],"['из', '-', 'за', 'большого']"
21,Очередь в театры из-за большого наплыва туристов была бесконечной,SG-PL-SG,SG,PL,SG,0.14798502624034882,0.3578411340713501,['очередь'],"['театр', '##ы']","['из', '-', 'за', 'большого']"
21,Очередь в театры из-за большого наплыва туристов были бесконечными,SG-PL-PL,SG,PL,PL,0.12462266534566879,0.19353970885276794,['очередь'],"['театр', '##ы']","['из', '-', 'за', 'большого']"
21,Очереди в театр из-за большого наплыва туристов была бесконечной,PL-SG-SG,PL,SG,SG,0.14804741740226746,0.35263481736183167,['очереди'],['театр'],"['из', '-', 'за', 'большого']"
21,Очереди в театр из-за большого наплыва туристов были бесконечными,PL-SG-PL,PL,SG,PL,0.1317865252494812,0.3436364233493805,['очереди'],['театр'],"['из', '-', 'за', 'большого']"
21,Очереди в театры из-за большого наплыва туристов была бесконечной,PL-PL-SG,PL,PL,SG,0.16131986677646637,0.2223377376794815,['очереди'],"['театр', '##ы']","['из', '-', 'за', 'большого']"
21,Очереди в театры из-за большого наплыва туристов были бесконечными,PL-PL-PL,PL,PL,PL,0.1689409762620926,0.2250695824623108,['очереди'],"['театр', '##ы']","['из', '-', 'за', 'большого']"
22,Переправа через ручьи из-за тяжёлых погодных условий была опасной,SG-PL-SG,SG,PL,SG,0.03823564946651459,0.34072020649909973,"['переп', '##рава']","['ру', '##чьи']","['из', '-', 'за']"
22,Переправа через ручьи из-за тяжёлых погодных условий были опасными,SG-PL-PL,SG,PL,PL,0.05083668231964111,0.19440075755119324,"['переп', '##рава']","['ру', '##чьи']","['из', '-', 'за']"
22,Переправы через ручьи из-за тяжёлых погодных условий была опасной,PL-PL-SG,PL,PL,SG,0.040133923292160034,0.2526783347129822,"['переп', '##равы']","['ру', '##чьи']","['из', '-', 'за']"
22,Переправы через ручьи из-за тяжёлых погодных условий были опасными,PL-PL-PL,PL,PL,PL,0.055542007088661194,0.3124919831752777,"['переп', '##равы']","['ру', '##чьи']","['из', '-', 'за']"
23,Песня про поезд для большинства отставных машинистов была грустной,SG-SG-SG,SG,SG,SG,0.015601104125380516,0.636093020439148,['песня'],['поезд'],"['для', 'большинства']"
23,Песня про поезд для большинства отставных машинистов были грустными,SG-SG-PL,SG,SG,PL,0.006662858184427023,0.27694445848464966,['песня'],['поезд'],"['для', 'большинства']"
23,Песня про поезда для большинства отставных машинистов была грустной,SG-PL-SG,SG,PL,SG,0.02247840166091919,0.6193637847900391,['песня'],['поезда'],"['для', 'большинства']"
23,Песня про поезда для большинства отставных машинистов были грустными,SG-PL-PL,SG,PL,PL,0.02146974951028824,0.284427285194397,['песня'],['поезда'],"['для', 'большинства']"
23,Песни про поезд для большинства отставных машинистов была грустной,PL-SG-SG,PL,SG,SG,0.009010360576212406,0.22857263684272766,['песни'],['поезд'],"['для', 'большинства']"
23,Песни про поезд для большинства отставных машинистов были грустными,PL-SG-PL,PL,SG,PL,0.016670219600200653,0.6647571325302124,['песни'],['поезд'],"['для', 'большинства']"
23,Песни про поезда для большинства отставных машинистов была грустной,PL-PL-SG,PL,PL,SG,0.009337115101516247,0.18793340027332306,['песни'],['поезда'],"['для', 'большинства']"
23,Песни про поезда для большинства отставных машинистов были грустными,PL-PL-PL,PL,PL,PL,0.02800554409623146,0.573559045791626,['песни'],['поезда'],"['для', 'большинства']"
24,Письмо про поход из маленького сибирского посёлка было отправлено,SG-SG-SG,SG,SG,SG,0.08256785571575165,0.12922151386737823,['письмо'],['поход'],"['из', 'маленького']"
24,Письмо про поход из маленького сибирского посёлка были отправлены,SG-SG-PL,SG,SG,PL,0.07313024997711182,0.10758465528488159,['письмо'],['поход'],"['из', 'маленького']"
24,Письмо про походы из маленького сибирского посёлка было отправлено,SG-PL-SG,SG,PL,SG,0.12117227911949158,0.1503072828054428,['письмо'],"['поход', '##ы']","['из', 'маленького']"
24,Письмо про походы из маленького сибирского посёлка были отправлены,SG-PL-PL,SG,PL,PL,0.15440839529037476,0.11457869410514832,['письмо'],"['поход', '##ы']","['из', 'маленького']"
24,Письма про поход из маленького сибирского посёлка было отправлено,PL-SG-SG,PL,SG,SG,0.07827126234769821,0.171259805560112,['письма'],['поход'],"['из', 'маленького']"
24,Письма про поход из маленького сибирского посёлка были отправлены,PL-SG-PL,PL,SG,PL,0.08067312836647034,0.16143393516540527,['письма'],['поход'],"['из', 'маленького']"
24,Письма про походы из маленького сибирского посёлка было отправлено,PL-PL-SG,PL,PL,SG,0.1058644950389862,0.15954191982746124,['письма'],"['поход', '##ы']","['из', 'маленького']"
24,Письма про походы из маленького сибирского посёлка были отправлены,PL-PL-PL,PL,PL,PL,0.1312798410654068,0.13103370368480682,['письма'],"['поход', '##ы']","['из', 'маленького']"
25,План на выходные из-за визита назойливых родственников был разрушен,SG-PL-SG,SG,PL,SG,0.09045285731554031,0.2801254987716675,['план'],['выходные'],"['из', '-', 'за', 'визита']"
25,План на выходные из-за визита назойливых родственников были разрушены,SG-PL-PL,SG,PL,PL,0.08253103494644165,0.17956902086734772,['план'],['выходные'],"['из', '-', 'за', 'визита']"
25,Планы на выходные из-за визита назойливых родственников был разрушен,PL-PL-SG,PL,PL,SG,0.07091686874628067,0.1504257619380951,['планы'],['выходные'],"['из', '-', 'за', 'визита']"
25,Планы на выходные из-за визита назойливых родственников были разрушены,PL-PL-PL,PL,PL,PL,0.08830709755420685,0.27964872121810913,['планы'],['выходные'],"['из', '-', 'за', 'визита']"
26,Поездка на остров для молодых влюблённых студентов была незабываемой,SG-SG-SG,SG,SG,SG,0.04640911892056465,0.6324493885040283,['поездка'],['остров'],"['для', 'молодых']"
26,Поездка на остров для молодых влюблённых студентов были незабываемыми,SG-SG-PL,SG,SG,PL,0.0451110377907753,0.5054501891136169,['поездка'],['остров'],"['для', 'молодых']"
26,Поездка на острова для молодых влюблённых студентов была незабываемой,SG-PL-SG,SG,PL,SG,0.05585397034883499,0.5571645498275757,['поездка'],['острова'],"['для', 'молодых']"
26,Поездка на острова для молодых влюблённых студентов были незабываемыми,SG-PL-PL,SG,PL,PL,0.04934182018041611,0.44422444701194763,['поездка'],['острова'],"['для', 'молодых']"
26,Поездки на остров для молодых влюблённых студентов была незабываемой,PL-SG-SG,PL,SG,SG,0.04955298453569412,0.46698200702667236,['поездки'],['остров'],"['для', 'молодых']"
26,Поездки на остров для молодых влюблённых студентов были незабываемыми,PL-SG-PL,PL,SG,PL,0.045534923672676086,0.530733585357666,['поездки'],['остров'],"['для', 'молодых']"
26,Поездки на острова для молодых влюблённых студентов была незабываемой,PL-PL-SG,PL,PL,SG,0.04708775132894516,0.3490086793899536,['поездки'],['острова'],"['для', 'молодых']"
26,Поездки на острова для молодых влюблённых студентов были незабываемыми,PL-PL-PL,PL,PL,PL,0.05308754742145538,0.45553719997406006,['поездки'],['острова'],"['для', 'молодых']"
28,Прогулка через парк для ценителей ландшафтного дизайна была приятной,SG-SG-SG,SG,SG,SG,0.02597469463944435,0.3190198242664337,['прогулка'],['парк'],"['для', 'цените']"
28,Прогулка через парк для ценителей ландшафтного дизайна были приятными,SG-SG-PL,SG,SG,PL,0.015398355200886726,0.23552271723747253,['прогулка'],['парк'],"['для', 'цените']"
28,Прогулка через парки для ценителей ландшафтного дизайна была приятной,SG-PL-SG,SG,PL,SG,0.044618718326091766,0.35134953260421753,['прогулка'],"['парк', '##и']","['для', 'цените']"
28,Прогулка через парки для ценителей ландшафтного дизайна были приятными,SG-PL-PL,SG,PL,PL,0.03501838073134422,0.2283252626657486,['прогулка'],"['парк', '##и']","['для', 'цените']"
28,Прогулки через парк для ценителей ландшафтного дизайна была приятной,PL-SG-SG,PL,SG,SG,0.024257903918623924,0.15529556572437286,['прогулки'],['парк'],"['для', 'цените']"
28,Прогулки через парк для ценителей ландшафтного дизайна были приятными,PL-SG-PL,PL,SG,PL,0.025670059025287628,0.204459086060524,['прогулки'],['парк'],"['для', 'цените']"
28,Прогулки через парки для ценителей ландшафтного дизайна была приятной,PL-PL-SG,PL,PL,SG,0.03786314278841019,0.1806805282831192,['прогулки'],"['парк', '##и']","['для', 'цените']"
28,Прогулки через парки для ценителей ландшафтного дизайна были приятными,PL-PL-PL,PL,PL,PL,0.046854887157678604,0.1887972205877304,['прогулки'],"['парк', '##и']","['для', 'цените']"
29,Прыжок через костры для обладателей коротких ног был рискованным,SG-PL-SG,SG,PL,SG,0.03328115493059158,0.45677489042282104,['прыжок'],"['кост', '##ры']","['для', 'облада', '##тел']"
29,Прыжок через костры для обладателей коротких ног были рискованными,SG-PL-PL,SG,PL,PL,0.033846430480480194,0.49852991104125977,['прыжок'],"['кост', '##ры']","['для', 'облада', '##тел']"
29,Прыжки через костры для обладателей коротких ног был рискованным,PL-PL-SG,PL,PL,SG,0.025591367855668068,0.48602956533432007,"['пры', '##жки']","['кост', '##ры']","['для', 'облада', '##тел']"
29,Прыжки через костры для обладателей коротких ног были рискованными,PL-PL-PL,PL,PL,PL,0.038110777735710144,0.5584297776222229,"['пры', '##жки']","['кост', '##ры']","['для', 'облада', '##тел']"
30,Путешествие на курорт для членов большой семьи было приятным,SG-SG-SG,SG,SG,SG,0.034400574862957,0.4591624140739441,['путешествие'],['курорт'],"['для', 'членов']"
30,Путешествие на курорт для членов большой семьи были приятными,SG-SG-PL,SG,SG,PL,0.02533010207116604,0.35207584500312805,['путешествие'],['курорт'],"['для', 'членов']"
30,Путешествие на курорты для членов большой семьи было приятным,SG-PL-SG,SG,PL,SG,0.03483760356903076,0.4673524498939514,['путешествие'],"['курорт', '##ы']","['для', 'членов']"
30,Путешествие на курорты для членов большой семьи были приятными,SG-PL-PL,SG,PL,PL,0.03915398567914963,0.33443373441696167,['путешествие'],"['курорт', '##ы']","['для', 'членов']"
30,Путешествия на курорт для членов большой семьи было приятным,PL-SG-SG,PL,SG,SG,0.029984548687934875,0.3911025822162628,['путешествия'],['курорт'],"['для', 'членов']"
30,Путешествия на курорт для членов большой семьи были приятными,PL-SG-PL,PL,SG,PL,0.03171974793076515,0.40515583753585815,['путешествия'],['курорт'],"['для', 'членов']"
30,Путешествия на курорты для членов большой семьи было приятным,PL-PL-SG,PL,PL,SG,0.03232349082827568,0.3950236737728119,['путешествия'],"['курорт', '##ы']","['для', 'членов']"
30,Путешествия на курорты для членов большой семьи были приятными,PL-PL-PL,PL,PL,PL,0.05396568402647972,0.3204551339149475,['путешествия'],"['курорт', '##ы']","['для', 'членов']"
31,Рецепт на порошок из-за частого предъявления аптекарям был мятым,SG-SG-SG,SG,SG,SG,0.0228178258985281,0.29171472787857056,['рецепт'],['порошок'],"['из', '-', 'за', 'часто', '##го']"
31,Рецепт на порошок из-за частого предъявления аптекарям были мятыми,SG-SG-PL,SG,SG,PL,0.02274797484278679,0.1555023491382599,['рецепт'],['порошок'],"['из', '-', 'за', 'часто', '##го']"
31,Рецепт на порошки из-за частого предъявления аптекарям был мятым,SG-PL-SG,SG,PL,SG,0.0337073840200901,0.2776801884174347,['рецепт'],"['поро', '##шки']","['из', '-', 'за', 'часто', '##го']"
31,Рецепт на порошки из-за частого предъявления аптекарям были мятыми,SG-PL-PL,SG,PL,PL,0.060137830674648285,0.14213299751281738,['рецепт'],"['поро', '##шки']","['из', '-', 'за', 'часто', '##го']"
31,Рецепты на порошок из-за частого предъявления аптекарям был мятым,PL-SG-SG,PL,SG,SG,0.017939282581210136,0.06960265338420868,['рецепты'],['порошок'],"['из', '-', 'за', 'часто', '##го']"
31,Рецепты на порошок из-за частого предъявления аптекарям были мятыми,PL-SG-PL,PL,SG,PL,0.026956792920827866,0.35467275977134705,['рецепты'],['порошок'],"['из', '-', 'за', 'часто', '##го']"
31,Рецепты на порошки из-за частого предъявления аптекарям был мятым,PL-PL-SG,PL,PL,SG,0.023127475753426552,0.0668531209230423,['рецепты'],"['поро', '##шки']","['из', '-', 'за', 'часто', '##го']"
31,Рецепты на порошки из-за частого предъявления аптекарям были мятыми,PL-PL-PL,PL,PL,PL,0.061188146471977234,0.2394609898328781,['рецепты'],"['поро', '##шки']","['из', '-', 'за', 'часто', '##го']"
33,Талон на обед во время большой перемены был выдан,SG-SG-SG,SG,SG,SG,0.15909767150878906,0.2956559658050537,"['тал', '##он']",['обед'],"['во', 'время']"
33,Талон на обед во время большой перемены были выданы,SG-SG-PL,SG,SG,PL,0.103787362575531,0.15340982377529144,"['тал', '##он']",['обед'],"['во', 'время']"
33,Талон на обеды во время большой перемены был выдан,SG-PL-SG,SG,PL,SG,0.13734258711338043,0.3237878978252411,"['тал', '##он']","['обед', '##ы']","['во', 'время']"
33,Талон на обеды во время большой перемены были выданы,SG-PL-PL,SG,PL,PL,0.15469403564929962,0.17369553446769714,"['тал', '##он']","['обед', '##ы']","['во', 'время']"
33,Талоны на обед во время большой перемены был выдан,PL-SG-SG,PL,SG,SG,0.1479249894618988,0.10280060768127441,"['тал', '##оны']",['обед'],"['во', 'время']"
33,Талоны на обед во время большой перемены были выданы,PL-SG-PL,PL,SG,PL,0.18551737070083618,0.2869642376899719,"['тал', '##оны']",['обед'],"['во', 'время']"
33,Талоны на обеды во время большой перемены был выдан,PL-PL-SG,PL,PL,SG,0.11846495419740677,0.11953200399875641,"['тал', '##оны']","['обед', '##ы']","['во', 'время']"
33,Талоны на обеды во время большой перемены были выданы,PL-PL-PL,PL,PL,PL,0.20636439323425293,0.2721390426158905,"['тал', '##оны']","['обед', '##ы']","['во', 'время']"
34,Ткань на пиджак в каталоге весенней коллекции была подобрана,SG-SG-SG,SG,SG,SG,0.2918778657913208,0.6000945568084717,['ткань'],['пиджак'],"['в', 'каталог', '##е']"
34,Ткань на пиджак в каталоге весенней коллекции были подобраны,SG-SG-PL,SG,SG,PL,0.23913556337356567,0.2854391932487488,['ткань'],['пиджак'],"['в', 'каталог', '##е']"
34,Ткань на пиджаки в каталоге весенней коллекции была подобрана,SG-PL-SG,SG,PL,SG,0.1121852695941925,0.4760510325431824,['ткань'],"['пиджак', '##и']","['в', 'каталог', '##е']"
34,Ткань на пиджаки в каталоге весенней коллекции были подобраны,SG-PL-PL,SG,PL,PL,0.1507304310798645,0.21351701021194458,['ткань'],"['пиджак', '##и']","['в', 'каталог', '##е']"
34,Ткани на пиджак в каталоге весенней коллекции была подобрана,PL-SG-SG,PL,SG,SG,0.22272679209709167,0.17856886982917786,['ткани'],['пиджак'],"['в', 'каталог', '##е']"
34,Ткани на пиджак в каталоге весенней коллекции были подобраны,PL-SG-PL,PL,SG,PL,0.3421810567378998,0.46829307079315186,['ткани'],['пиджак'],"['в', 'каталог', '##е']"
34,Ткани на пиджаки в каталоге весенней коллекции была подобрана,PL-PL-SG,PL,PL,SG,0.07947380095720291,0.09834103286266327,['ткани'],"['пиджак', '##и']","['в', 'каталог', '##е']"
34,Ткани на пиджаки в каталоге весенней коллекции были подобраны,PL-PL-PL,PL,PL,PL,0.16759063303470612,0.2874627709388733,['ткани'],"['пиджак', '##и']","['в', 'каталог', '##е']"
35,Трасса через поле по меркам местных жителей была новой,SG-SG-SG,SG,SG,SG,0.09430782496929169,0.44616958498954773,"['тра', '##сса']",['поле'],"['по', 'мер', '##кам']"
35,Трасса через поле по меркам местных жителей были новыми,SG-SG-PL,SG,SG,PL,0.06816587597131729,0.31485214829444885,"['тра', '##сса']",['поле'],"['по', 'мер', '##кам']"
35,Трасса через поля по меркам местных жителей была новой,SG-PL-SG,SG,PL,SG,0.06470964848995209,0.325482040643692,"['тра', '##сса']",['поля'],"['по', 'мер', '##кам']"
35,Трасса через поля по меркам местных жителей были новыми,SG-PL-PL,SG,PL,PL,0.05255740135908127,0.23075386881828308,"['тра', '##сса']",['поля'],"['по', 'мер', '##кам']"
35,Трассы через поле по меркам местных жителей была новой,PL-SG-SG,PL,SG,SG,0.07955269515514374,0.04889358580112457,['трассы'],['поле'],"['по', 'мер', '##кам']"
35,Трассы через поле по меркам местных жителей были новыми,PL-SG-PL,PL,SG,PL,0.10896281152963638,0.1250508427619934,['трассы'],['поле'],"['по', 'мер', '##кам']"
35,Трассы через поля по меркам местных жителей была новой,PL-PL-SG,PL,PL,SG,0.06483728438615799,0.05195076763629913,['трассы'],['поля'],"['по', 'мер', '##кам']"
35,Трассы через поля по меркам местных жителей были новыми,PL-PL-PL,PL,PL,PL,0.07886441051959991,0.12057989835739136,['трассы'],['поля'],"['по', 'мер', '##кам']"
36,Тропинка через луг во время деревенской ярмарки была протоптана,SG-SG-SG,SG,SG,SG,0.046772345900535583,0.16651079058647156,"['тропи', '##нка']","['лу', '##г']","['во', 'время']"
36,Тропинка через луг во время деревенской ярмарки были протоптаны,SG-SG-PL,SG,SG,PL,0.041880786418914795,0.09595253318548203,"['тропи', '##нка']","['лу', '##г']","['во', 'время']"
36,Тропинка через луга во время деревенской ярмарки была протоптана,SG-PL-SG,SG,PL,SG,0.0521564781665802,0.17890222370624542,"['тропи', '##нка']",['луга'],"['во', 'время']"
36,Тропинка через луга во время деревенской ярмарки были протоптаны,SG-PL-PL,SG,PL,PL,0.05504467338323593,0.099909707903862,"['тропи', '##нка']",['луга'],"['во', 'время']"
36,Тропинки через луг во время деревенской ярмарки была протоптана,PL-SG-SG,PL,SG,SG,0.0518941730260849,0.12415967136621475,"['тропи', '##нки']","['лу', '##г']","['во', 'время']"
36,Тропинки через луг во время деревенской ярмарки были протоптаны,PL-SG-PL,PL,SG,PL,0.050350770354270935,0.1339954435825348,"['тропи', '##нки']","['лу', '##г']","['во', 'время']"
36,Тропинки через луга во время деревенской ярмарки была протоптана,PL-PL-SG,PL,PL,SG,0.052261464297771454,0.11663223803043365,"['тропи', '##нки']",['луга'],"['во', 'время']"
36,Тропинки через луга во время деревенской ярмарки были протоптаны,PL-PL-PL,PL,PL,PL,0.059688813984394073,0.14243589341640472,"['тропи', '##нки']",['луга'],"['во', 'время']"
37,Тур на озеро для участников последней поездки был незабываемым,SG-SG-SG,SG,SG,SG,0.027433132752776146,0.3432733416557312,['тур'],['озеро'],"['для', 'участников']"
37,Тур на озеро для участников последней поездки были незабываемыми,SG-SG-PL,SG,SG,PL,0.01809164136648178,0.2702825665473938,['тур'],['озеро'],"['для', 'участников']"
37,Туры на озеро для участников последней поездки был незабываемым,PL-SG-SG,PL,SG,SG,0.01580791547894478,0.21003806591033936,['туры'],['озеро'],"['для', 'участников']"
37,Туры на озеро для участников последней поездки были незабываемыми,PL-SG-PL,PL,SG,PL,0.02172030135989189,0.4185115396976471,['туры'],['озеро'],"['для', 'участников']"
38,Удар в колено для юных неопытных борцов был болезненным,SG-SG-SG,SG,SG,SG,0.1016012653708458,0.6289716958999634,['удар'],['колено'],"['для', 'юных']"
38,Удар в колено для юных неопытных борцов были болезненными,SG-SG-PL,SG,SG,PL,0.06520381569862366,0.5615179538726807,['удар'],['колено'],"['для', 'юных']"
38,Удар в колени для юных неопытных борцов был болезненным,SG-PL-SG,SG,PL,SG,0.16302092373371124,0.7050765752792358,['удар'],['колени'],"['для', 'юных']"
38,Удар в колени для юных неопытных борцов были болезненными,SG-PL-PL,SG,PL,PL,0.09859548509120941,0.5413092374801636,['удар'],['колени'],"['для', 'юных']"
38,Удары в колено для юных неопытных борцов был болезненным,PL-SG-SG,PL,SG,SG,0.06715048849582672,0.45507365465164185,['удары'],['колено'],"['для', 'юных']"
38,Удары в колено для юных неопытных борцов были болезненными,PL-SG-PL,PL,SG,PL,0.09738196432590485,0.7031248807907104,['удары'],['колено'],"['для', 'юных']"
38,Удары в колени для юных неопытных борцов был болезненным,PL-PL-SG,PL,PL,SG,0.1141328513622284,0.4435965418815613,['удары'],['колени'],"['для', 'юных']"
38,Удары в колени для юных неопытных борцов были болезненными,PL-PL-PL,PL,PL,PL,0.15637658536434174,0.702957808971405,['удары'],['колени'],"['для', 'юных']"
39,Цена на продукт из-за плохого качества сырья была низкой,SG-SG-SG,SG,SG,SG,0.07533462345600128,0.24643085896968842,['цена'],['продукт'],"['из', '-', 'за', 'плохого']"
39,Цена на продукт из-за плохого качества сырья были низкими,SG-SG-PL,SG,SG,PL,0.0698530375957489,0.1944730281829834,['цена'],['продукт'],"['из', '-', 'за', 'плохого']"
39,Цена на продукты из-за плохого качества сырья была низкой,SG-PL-SG,SG,PL,SG,0.10113994777202606,0.21157653629779816,['цена'],['продукты'],"['из', '-', 'за', 'плохого']"
39,Цена на продукты из-за плохого качества сырья были низкими,SG-PL-PL,SG,PL,PL,0.1163957267999649,0.16570721566677094,['цена'],['продукты'],"['из', '-', 'за', 'плохого']"
39,Цены на продукт из-за плохого качества сырья была низкой,PL-SG-SG,PL,SG,SG,0.07367398589849472,0.15786534547805786,['цены'],['продукт'],"['из', '-', 'за', 'плохого']"
39,Цены на продукт из-за плохого качества сырья были низкими,PL-SG-PL,PL,SG,PL,0.09183546155691147,0.1909613162279129,['цены'],['продукт'],"['из', '-', 'за', 'плохого']"
39,Цены на продукты из-за плохого качества сырья была низкой,PL-PL-SG,PL,PL,SG,0.08799684047698975,0.1417829543352127,['цены'],['продукты'],"['из', '-', 'за', 'плохого']"
39,Цены на продукты из-за плохого качества сырья были низкими,PL-PL-PL,PL,PL,PL,0.11565402895212173,0.17510683834552765,['цены'],['продукты'],"['из', '-', 'за', 'плохого']"
40,Штраф за прогул в целях воспитания сотрудников был введён,SG-SG-SG,SG,SG,SG,0.048284146934747696,0.3338598608970642,['штраф'],"['прогу', '##л']","['в', 'целях']"
40,Штраф за прогул в целях воспитания сотрудников были введены,SG-SG-PL,SG,SG,PL,0.020001497119665146,0.33323290944099426,['штраф'],"['прогу', '##л']","['в', 'целях']"
40,Штраф за прогулы в целях воспитания сотрудников был введён,SG-PL-SG,SG,PL,SG,0.06836195290088654,0.30235278606414795,['штраф'],"['прогу', '##лы']","['в', 'целях']"
40,Штраф за прогулы в целях воспитания сотрудников были введены,SG-PL-PL,SG,PL,PL,0.03113420493900776,0.3267081379890442,['штраф'],"['прогу', '##лы']","['в', 'целях']"
40,Штрафы за прогул в целях воспитания сотрудников был введён,PL-SG-SG,PL,SG,SG,0.03290286287665367,0.25126439332962036,"['штраф', '##ы']","['прогу', '##л']","['в', 'целях']"
40,Штрафы за прогул в целях воспитания сотрудников были введены,PL-SG-PL,PL,SG,PL,0.0377107709646225,0.38123443722724915,"['штраф', '##ы']","['прогу', '##л']","['в', 'целях']"
40,Штрафы за прогулы в целях воспитания сотрудников был введён,PL-PL-SG,PL,PL,SG,0.0368071049451828,0.29043710231781006,"['штраф', '##ы']","['прогу', '##лы']","['в', 'целях']"
40,Штрафы за прогулы в целях воспитания сотрудников были введены,PL-PL-PL,PL,PL,PL,0.04490930587053299,0.3573700487613678,"['штраф', '##ы']","['прогу', '##лы']","['в', 'целях']"
41,Аргумент против обвинения для адвоката пострадавшей стороны был сокрушительным,SG-SG-SG,SG,SG,SG,0.09550416469573975,0.6273980736732483,['аргумент'],['обвинения'],"['для', 'адвоката']"
41,Аргумент против обвинения для адвоката пострадавшей стороны были сокрушительными,SG-SG-PL,SG,SG,PL,0.10290685296058655,0.5697838664054871,['аргумент'],['обвинения'],"['для', 'адвоката']"
41,Аргумент против обвинений для адвоката пострадавшей стороны был сокрушительным,SG-PL-SG,SG,PL,SG,0.08809217810630798,0.5817124843597412,['аргумент'],['обвин'],"['для', 'адвоката']"
41,Аргумент против обвинений для адвоката пострадавшей стороны были сокрушительными,SG-PL-PL,SG,PL,PL,0.0674370601773262,0.5802419781684875,['аргумент'],['обвин'],"['для', 'адвоката']"
41,Аргументы против обвинения для адвоката пострадавшей стороны был сокрушительным,PL-SG-SG,PL,SG,SG,0.0634818822145462,0.3215264678001404,['аргументы'],['обвинения'],"['для', 'адвоката']"
41,Аргументы против обвинения для адвоката пострадавшей стороны были сокрушительными,PL-SG-PL,PL,SG,PL,0.09585168957710266,0.6161285042762756,['аргументы'],['обвинения'],"['для', 'адвоката']"
41,Аргументы против обвинений для адвоката пострадавшей стороны был сокрушительным,PL-PL-SG,PL,PL,SG,0.04610936716198921,0.3015068769454956,['аргументы'],['обвин'],"['для', 'адвоката']"
41,Аргументы против обвинений для адвоката пострадавшей стороны были сокрушительными,PL-PL-PL,PL,PL,PL,0.06645359843969345,0.576394259929657,['аргументы'],['обвин'],"['для', 'адвоката']"
42,Видеозапись с лекции для пропустивших занятия студентов была содержательной,SG-SG-SG,SG,SG,SG,0.25573593378067017,0.24936091899871826,"['видеоза', '##пись']",['лекции'],"['для', 'пропусти', '##вших']"
42,Видеозапись с лекции для пропустивших занятия студентов были содержательными,SG-SG-PL,SG,SG,PL,0.2185187041759491,0.24004051089286804,"['видеоза', '##пись']",['лекции'],"['для', 'пропусти', '##вших']"
42,Видеозаписи с лекции для пропустивших занятия студентов была содержательной,PL-SG-SG,PL,SG,SG,0.20726320147514343,0.29459401965141296,"['видеоза', '##писи']",['лекции'],"['для', 'пропусти', '##вших']"
42,Видеозаписи с лекции для пропустивших занятия студентов были содержательными,PL-SG-PL,PL,SG,PL,0.2033306062221527,0.22627636790275574,"['видеоза', '##писи']",['лекции'],"['для', 'пропусти', '##вших']"
43,Вывод из поражения из-за тщательного анализа ситуации был верным,SG-SG-SG,SG,SG,SG,0.15812084078788757,0.18897433578968048,['вывод'],['поражения'],"['из', '-', 'за', 'тщательно', '##го']"
43,Вывод из поражения из-за тщательного анализа ситуации были верными,SG-SG-PL,SG,SG,PL,0.1253548413515091,0.16517242789268494,['вывод'],['поражения'],"['из', '-', 'за', 'тщательно', '##го']"
43,Вывод из поражений из-за тщательного анализа ситуации был верным,SG-PL-SG,SG,PL,SG,0.10060581564903259,0.1502133160829544,['вывод'],['пораж'],"['из', '-', 'за', 'тщательно', '##го']"
43,Вывод из поражений из-за тщательного анализа ситуации были верными,SG-PL-PL,SG,PL,PL,0.06645282357931137,0.1271430402994156,['вывод'],['пораж'],"['из', '-', 'за', 'тщательно', '##го']"
43,Выводы из поражения из-за тщательного анализа ситуации был верным,PL-SG-SG,PL,SG,SG,0.16020208597183228,0.2467603087425232,['выводы'],['поражения'],"['из', '-', 'за', 'тщательно', '##го']"
43,Выводы из поражения из-за тщательного анализа ситуации были верными,PL-SG-PL,PL,SG,PL,0.18067564070224762,0.24197128415107727,['выводы'],['поражения'],"['из', '-', 'за', 'тщательно', '##го']"
43,Выводы из поражений из-за тщательного анализа ситуации был верным,PL-PL-SG,PL,PL,SG,0.06692223250865936,0.20027224719524384,['выводы'],['пораж'],"['из', '-', 'за', 'тщательно', '##го']"
43,Выводы из поражений из-за тщательного анализа ситуации были верными,PL-PL-PL,PL,PL,PL,0.06617201864719391,0.20478388667106628,['выводы'],['пораж'],"['из', '-', 'за', 'тщательно', '##го']"
44,Выдержка из книги для упрощения процесса запоминания была краткой,SG-SG-SG,SG,SG,SG,0.10377303510904312,0.1146298199892044,"['выдерж', '##ка']",['книги'],"['для', 'упро', '##щения']"
44,Выдержка из книги для упрощения процесса запоминания были краткими,SG-SG-PL,SG,SG,PL,0.07547315955162048,0.08399442583322525,"['выдерж', '##ка']",['книги'],"['для', 'упро', '##щения']"
44,Выдержка из книг для упрощения процесса запоминания была краткой,SG-PL-SG,SG,PL,SG,0.18270759284496307,0.1163935586810112,"['выдерж', '##ка']",['книг'],"['для', 'упро', '##щения']"
44,Выдержка из книг для упрощения процесса запоминания были краткими,SG-PL-PL,SG,PL,PL,0.14115624129772186,0.08428634703159332,"['выдерж', '##ка']",['книг'],"['для', 'упро', '##щения']"
44,Выдержки из книги для упрощения процесса запоминания была краткой,PL-SG-SG,PL,SG,SG,0.09043725579977036,0.0776820257306099,"['выдерж', '##ки']",['книги'],"['для', 'упро', '##щения']"
44,Выдержки из книги для упрощения процесса запоминания были краткими,PL-SG-PL,PL,SG,PL,0.12136828154325485,0.12775073945522308,"['выдерж', '##ки']",['книги'],"['для', 'упро', '##щения']"
44,Выдержки из книг для упрощения процесса запоминания была краткой,PL-PL-SG,PL,PL,SG,0.14034181833267212,0.0817585363984108,"['выдерж', '##ки']",['книг'],"['для', 'упро', '##щения']"
44,Выдержки из книг для упрощения процесса запоминания были краткими,PL-PL-PL,PL,PL,PL,0.19270557165145874,0.12384165078401566,"['выдерж', '##ки']",['книг'],"['для', 'упро', '##щения']"
45,Выписка из программы во время затянувшегося заседания была сделана,SG-SG-SG,SG,SG,SG,0.04922879859805107,0.5093079805374146,"['выпис', '##ка']",['программы'],"['во', 'время']"
45,Выписка из программы во время затянувшегося заседания были сделаны,SG-SG-PL,SG,SG,PL,0.03235900402069092,0.17162171006202698,"['выпис', '##ка']",['программы'],"['во', 'время']"
45,Выписка из программ во время затянувшегося заседания была сделана,SG-PL-SG,SG,PL,SG,0.10320290923118591,0.4270508885383606,"['выпис', '##ка']",['программ'],"['во', 'время']"
45,Выписка из программ во время затянувшегося заседания были сделаны,SG-PL-PL,SG,PL,PL,0.08685743063688278,0.19865991175174713,"['выпис', '##ка']",['программ'],"['во', 'время']"
45,Выписки из программы во время затянувшегося заседания была сделана,PL-SG-SG,PL,SG,SG,0.07886651158332825,0.47852200269699097,"['выпис', '##ки']",['программы'],"['во', 'время']"
45,Выписки из программы во время затянувшегося заседания были сделаны,PL-SG-PL,PL,SG,PL,0.05948878079652786,0.548981785774231,"['выпис', '##ки']",['программы'],"['во', 'время']"
45,Выписки из программ во время затянувшегося заседания была сделана,PL-PL-SG,PL,PL,SG,0.1540324091911316,0.34686461091041565,"['выпис', '##ки']",['программ'],"['во', 'время']"
45,Выписки из программ во время затянувшегося заседания были сделаны,PL-PL-PL,PL,PL,PL,0.12691539525985718,0.43732231855392456,"['выпис', '##ки']",['программ'],"['во', 'время']"
46,Выход из ситуации для опытного школьного психолога был очевидным,SG-SG-SG,SG,SG,SG,0.10338756442070007,0.8742249011993408,['выход'],['ситуации'],"['для', 'опытного']"
46,Выход из ситуации для опытного школьного психолога были очевидными,SG-SG-PL,SG,SG,PL,0.10984084010124207,0.7202509641647339,['выход'],['ситуации'],"['для', 'опытного']"
46,Выходы из ситуации для опытного школьного психолога был очевидным,PL-SG-SG,PL,SG,SG,0.09177766740322113,0.6992090344429016,"['выход', '##ы']",['ситуации'],"['для', 'опытного']"
46,Выходы из ситуации для опытного школьного психолога были очевидными,PL-SG-PL,PL,SG,PL,0.10655878484249115,0.7924410700798035,"['выход', '##ы']",['ситуации'],"['для', 'опытного']"
47,Доска для афиши к ограде маленького театра была прибита,SG-SG-SG,SG,SG,SG,0.16695420444011688,0.5160149335861206,['доска'],"['афи', '##ши']","['к', 'огра', '##де']"
47,Доска для афиши к ограде маленького театра были прибиты,SG-SG-PL,SG,SG,PL,0.20765192806720734,0.41064542531967163,['доска'],"['афи', '##ши']","['к', 'огра', '##де']"
47,Доска для афиш к ограде маленького театра была прибита,SG-PL-SG,SG,PL,SG,0.1273288130760193,0.583105206489563,['доска'],"['афи', '##ш']","['к', 'огра', '##де']"
47,Доска для афиш к ограде маленького театра были прибиты,SG-PL-PL,SG,PL,PL,0.13630928099155426,0.5188857913017273,['доска'],"['афи', '##ш']","['к', 'огра', '##де']"
47,Доски для афиши к ограде маленького театра была прибита,PL-SG-SG,PL,SG,SG,0.15847539901733398,0.5655673742294312,['доски'],"['афи', '##ши']","['к', 'огра', '##де']"
47,Доски для афиши к ограде маленького театра были прибиты,PL-SG-PL,PL,SG,PL,0.24672183394432068,0.45838069915771484,['доски'],"['афи', '##ши']","['к', 'огра', '##де']"
47,Доски для афиш к ограде маленького театра была прибита,PL-PL-SG,PL,PL,SG,0.1128232330083847,0.6384098529815674,['доски'],"['афи', '##ш']","['к', 'огра', '##де']"
47,Доски для афиш к ограде маленького театра были прибиты,PL-PL-PL,PL,PL,PL,0.15805569291114807,0.5314491987228394,['доски'],"['афи', '##ш']","['к', 'огра', '##де']"
48,Задержка из-за наводнения из-за отсутствия достоверной информации была пугающей,SG-SG-SG,SG,SG,SG,0.2724113166332245,0.25658470392227173,"['задерж', '##ка']","['навод', '##нения']","['из', '-', 'за', 'отсутствия']"
48,Задержка из-за наводнения из-за отсутствия достоверной информации были пугающими,SG-SG-PL,SG,SG,PL,0.25449317693710327,0.18309691548347473,"['задерж', '##ка']","['навод', '##нения']","['из', '-', 'за', 'отсутствия']"
48,Задержка из-за наводнений из-за отсутствия достоверной информации была пугающей,SG-PL-SG,SG,PL,SG,0.12693408131599426,0.24933749437332153,"['задерж', '##ка']",['навод'],"['из', '-', 'за', 'отсутствия']"
48,Задержка из-за наводнений из-за отсутствия достоверной информации были пугающими,SG-PL-PL,SG,PL,PL,0.11557840555906296,0.1742597371339798,"['задерж', '##ка']",['навод'],"['из', '-', 'за', 'отсутствия']"
48,Задержки из-за наводнения из-за отсутствия достоверной информации была пугающей,PL-SG-SG,PL,SG,SG,0.2922520339488983,0.2622104585170746,"['задерж', '##ки']","['навод', '##нения']","['из', '-', 'за', 'отсутствия']"
48,Задержки из-за наводнения из-за отсутствия достоверной информации были пугающими,PL-SG-PL,PL,SG,PL,0.27021315693855286,0.24599893391132355,"['задерж', '##ки']","['навод', '##нения']","['из', '-', 'за', 'отсутствия']"
48,Задержки из-за наводнений из-за отсутствия достоверной информации была пугающей,PL-PL-SG,PL,PL,SG,0.1455153375864029,0.24592027068138123,"['задерж', '##ки']",['навод'],"['из', '-', 'за', 'отсутствия']"
48,Задержки из-за наводнений из-за отсутствия достоверной информации были пугающими,PL-PL-PL,PL,PL,PL,0.13442690670490265,0.22967728972434998,"['задерж', '##ки']",['навод'],"['из', '-', 'за', 'отсутствия']"
49,Зал для заседания по масштабам небольшого городка был громадным,SG-SG-SG,SG,SG,SG,0.09484170377254486,0.13939079642295837,['зал'],['заседания'],"['по', 'масштаб', '##ам']"
49,Зал для заседания по масштабам небольшого городка были громадными,SG-SG-PL,SG,SG,PL,0.08652646839618683,0.10393635928630829,['зал'],['заседания'],"['по', 'масштаб', '##ам']"
49,Залы для заседания по масштабам небольшого городка был громадным,PL-SG-SG,PL,SG,SG,0.06115484982728958,0.0744008719921112,['залы'],['заседания'],"['по', 'масштаб', '##ам']"
49,Залы для заседания по масштабам небольшого городка были громадными,PL-SG-PL,PL,SG,PL,0.0869508758187294,0.16391949355602264,['залы'],['заседания'],"['по', 'масштаб', '##ам']"
50,Запчасть для иномарки по меркам современного автовладельца была старой,SG-SG-SG,SG,SG,SG,0.07573166489601135,0.2805272936820984,"['запча', '##сть']","['иномар', '##ки']","['по', 'мер', '##кам']"
50,Запчасть для иномарки по меркам современного автовладельца были старыми,SG-SG-PL,SG,SG,PL,0.035611432045698166,0.059485625475645065,"['запча', '##сть']","['иномар', '##ки']","['по', 'мер', '##кам']"
50,Запчасть для иномарок по меркам современного автовладельца была старой,SG-PL-SG,SG,PL,SG,0.07365607470273972,0.2729765772819519,"['запча', '##сть']","['иномар', '##ок']","['по', 'мер', '##кам']"
50,Запчасть для иномарок по меркам современного автовладельца были старыми,SG-PL-PL,SG,PL,PL,0.03905449062585831,0.061196669936180115,"['запча', '##сть']","['иномар', '##ок']","['по', 'мер', '##кам']"
50,Запчасти для иномарки по меркам современного автовладельца была старой,PL-SG-SG,PL,SG,SG,0.03023364394903183,0.0133720263838768,['запчасти'],"['иномар', '##ки']","['по', 'мер', '##кам']"
50,Запчасти для иномарки по меркам современного автовладельца были старыми,PL-SG-PL,PL,SG,PL,0.06323474645614624,0.06164960935711861,['запчасти'],"['иномар', '##ки']","['по', 'мер', '##кам']"
50,Запчасти для иномарок по меркам современного автовладельца была старой,PL-PL-SG,PL,PL,SG,0.030660703778266907,0.012445776723325253,['запчасти'],"['иномар', '##ок']","['по', 'мер', '##кам']"
50,Запчасти для иномарок по меркам современного автовладельца были старыми,PL-PL-PL,PL,PL,PL,0.06332463771104813,0.05924350023269653,['запчасти'],"['иномар', '##ок']","['по', 'мер', '##кам']"
51,Исключение из правила на аккуратно свёрнутую шпаргалку было выписано,SG-SG-SG,SG,SG,SG,0.009695727378129959,0.11172111332416534,['исключение'],['правила'],"['на', 'аккуратно']"
51,Исключение из правила на аккуратно свёрнутую шпаргалку были выписаны,SG-SG-PL,SG,SG,PL,0.010927910916507244,0.07341586798429489,['исключение'],['правила'],"['на', 'аккуратно']"
51,Исключение из правил на аккуратно свёрнутую шпаргалку было выписано,SG-PL-SG,SG,PL,SG,0.014254668727517128,0.11576517671346664,['исключение'],['правил'],"['на', 'аккуратно']"
51,Исключение из правил на аккуратно свёрнутую шпаргалку были выписаны,SG-PL-PL,SG,PL,PL,0.013691380620002747,0.08505591750144958,['исключение'],['правил'],"['на', 'аккуратно']"
51,Исключения из правила на аккуратно свёрнутую шпаргалку было выписано,PL-SG-SG,PL,SG,SG,0.006076039746403694,0.13906659185886383,['исключения'],['правила'],"['на', 'аккуратно']"
51,Исключения из правила на аккуратно свёрнутую шпаргалку были выписаны,PL-SG-PL,PL,SG,PL,0.010169284418225288,0.15662561357021332,['исключения'],['правила'],"['на', 'аккуратно']"
51,Исключения из правил на аккуратно свёрнутую шпаргалку было выписано,PL-PL-SG,PL,PL,SG,0.013245809823274612,0.1543528139591217,['исключения'],['правил'],"['на', 'аккуратно']"
51,Исключения из правил на аккуратно свёрнутую шпаргалку были выписаны,PL-PL-PL,PL,PL,PL,0.019771240651607513,0.17762522399425507,['исключения'],['правил'],"['на', 'аккуратно']"
52,Истерика из-за оценки по мнению родителей девочки была бурной,SG-SG-SG,SG,SG,SG,0.13202627003192902,0.24089741706848145,"['истери', '##ка']",['оценки'],"['по', 'мнению']"
52,Истерика из-за оценки по мнению родителей девочки были бурными,SG-SG-PL,SG,SG,PL,0.09466320276260376,0.111583411693573,"['истери', '##ка']",['оценки'],"['по', 'мнению']"
52,Истерика из-за оценок по мнению родителей девочки была бурной,SG-PL-SG,SG,PL,SG,0.3360748887062073,0.2499092072248459,"['истери', '##ка']","['оцен', '##ок']","['по', 'мнению']"
52,Истерика из-за оценок по мнению родителей девочки были бурными,SG-PL-PL,SG,PL,PL,0.27497702836990356,0.11909741163253784,"['истери', '##ка']","['оцен', '##ок']","['по', 'мнению']"
52,Истерики из-за оценки по мнению родителей девочки была бурной,PL-SG-SG,PL,SG,SG,0.1008199006319046,0.18294507265090942,"['истери', '##ки']",['оценки'],"['по', 'мнению']"
52,Истерики из-за оценки по мнению родителей девочки были бурными,PL-SG-PL,PL,SG,PL,0.12582671642303467,0.2160813808441162,"['истери', '##ки']",['оценки'],"['по', 'мнению']"
52,Истерики из-за оценок по мнению родителей девочки была бурной,PL-PL-SG,PL,PL,SG,0.27209752798080444,0.22408223152160645,"['истери', '##ки']","['оцен', '##ок']","['по', 'мнению']"
52,Истерики из-за оценок по мнению родителей девочки были бурными,PL-PL-PL,PL,PL,PL,0.3566782474517822,0.22856466472148895,"['истери', '##ки']","['оцен', '##ок']","['по', 'мнению']"
53,Камень для ограды с лучшей итальянской каменоломни был завезён,SG-SG-SG,SG,SG,SG,0.04747446998953819,0.13479875028133392,['камень'],"['огра', '##ды']",['с']
53,Камень для ограды с лучшей итальянской каменоломни были завезены,SG-SG-PL,SG,SG,PL,0.03055017814040184,0.11603012681007385,['камень'],"['огра', '##ды']",['с']
53,Камень для оград с лучшей итальянской каменоломни был завезён,SG-PL-SG,SG,PL,SG,0.06003629416227341,0.14422911405563354,['камень'],"['огра', '##д']",['с']
53,Камень для оград с лучшей итальянской каменоломни были завезены,SG-PL-PL,SG,PL,PL,0.03869420662522316,0.1264965534210205,['камень'],"['огра', '##д']",['с']
53,Камни для ограды с лучшей итальянской каменоломни был завезён,PL-SG-SG,PL,SG,SG,0.03807850927114487,0.13150081038475037,['камни'],"['огра', '##ды']",['с']
53,Камни для ограды с лучшей итальянской каменоломни были завезены,PL-SG-PL,PL,SG,PL,0.03932657092809677,0.11207753419876099,['камни'],"['огра', '##ды']",['с']
53,Камни для оград с лучшей итальянской каменоломни был завезён,PL-PL-SG,PL,PL,SG,0.05000511556863785,0.13034950196743011,['камни'],"['огра', '##д']",['с']
53,Камни для оград с лучшей итальянской каменоломни были завезены,PL-PL-PL,PL,PL,PL,0.04791802912950516,0.11435046792030334,['камни'],"['огра', '##д']",['с']
54,Кирпич для дачи со склада бракованной продукции был привезён,SG-SG-SG,SG,SG,SG,0.05668649077415466,0.32070469856262207,['кирпич'],['дачи'],"['со', 'склада']"
54,Кирпич для дачи со склада бракованной продукции были привезены,SG-SG-PL,SG,SG,PL,0.0362727977335453,0.2176586091518402,['кирпич'],['дачи'],"['со', 'склада']"
54,Кирпич для дач со склада бракованной продукции был привезён,SG-PL-SG,SG,PL,SG,0.024987002834677696,0.4619112014770508,['кирпич'],"['да', '##ч']","['со', 'склада']"
54,Кирпич для дач со склада бракованной продукции были привезены,SG-PL-PL,SG,PL,PL,0.021967612206935883,0.3764081299304962,['кирпич'],"['да', '##ч']","['со', 'склада']"
54,Кирпичи для дачи со склада бракованной продукции был привезён,PL-SG-SG,PL,SG,SG,0.051521219313144684,0.19790440797805786,"['кирпич', '##и']",['дачи'],"['со', 'склада']"
54,Кирпичи для дачи со склада бракованной продукции были привезены,PL-SG-PL,PL,SG,PL,0.06591334939002991,0.36354947090148926,"['кирпич', '##и']",['дачи'],"['со', 'склада']"
54,Кирпичи для дач со склада бракованной продукции был привезён,PL-PL-SG,PL,PL,SG,0.025820720940828323,0.300446093082428,"['кирпич', '##и']","['да', '##ч']","['со', 'склада']"
54,Кирпичи для дач со склада бракованной продукции были привезены,PL-PL-PL,PL,PL,PL,0.028939396142959595,0.47380945086479187,"['кирпич', '##и']","['да', '##ч']","['со', 'склада']"
55,Ключ от шкатулки из-за высокой влажности воздуха был ржавым,SG-SG-SG,SG,SG,SG,0.08734400570392609,0.35940656065940857,['ключ'],"['шкату', '##лки']","['из', '-', 'за']"
55,Ключ от шкатулки из-за высокой влажности воздуха были ржавыми,SG-SG-PL,SG,SG,PL,0.08076652884483337,0.19247093796730042,['ключ'],"['шкату', '##лки']","['из', '-', 'за']"
55,Ключ от шкатулок из-за высокой влажности воздуха был ржавым,SG-PL-SG,SG,PL,SG,0.10220278799533844,0.39055681228637695,['ключ'],"['шкату', '##лок']","['из', '-', 'за']"
55,Ключ от шкатулок из-за высокой влажности воздуха были ржавыми,SG-PL-PL,SG,PL,PL,0.10270591080188751,0.2183963805437088,['ключ'],"['шкату', '##лок']","['из', '-', 'за']"
55,Ключи от шкатулки из-за высокой влажности воздуха был ржавым,PL-SG-SG,PL,SG,SG,0.08075018227100372,0.14117325842380524,['ключи'],"['шкату', '##лки']","['из', '-', 'за']"
55,Ключи от шкатулки из-за высокой влажности воздуха были ржавыми,PL-SG-PL,PL,SG,PL,0.09940387308597565,0.223541721701622,['ключи'],"['шкату', '##лки']","['из', '-', 'за']"
55,Ключи от шкатулок из-за высокой влажности воздуха был ржавым,PL-PL-SG,PL,PL,SG,0.08998684585094452,0.1308925300836563,['ключи'],"['шкату', '##лок']","['из', '-', 'за']"
55,Ключи от шкатулок из-за высокой влажности воздуха были ржавыми,PL-PL-PL,PL,PL,PL,0.10917441546916962,0.219855397939682,['ключи'],"['шкату', '##лок']","['из', '-', 'за']"
56,Комната для вечеринки из-за малого количества мебели была просторной,SG-SG-SG,SG,SG,SG,0.05429258197546005,0.27002838253974915,['комната'],['вечеринки'],"['из', '-', 'за', 'малого']"
56,Комната для вечеринки из-за малого количества мебели были просторными,SG-SG-PL,SG,SG,PL,0.05004868656396866,0.09277959913015366,['комната'],['вечеринки'],"['из', '-', 'за', 'малого']"
56,Комната для вечеринок из-за малого количества мебели была просторной,SG-PL-SG,SG,PL,SG,0.07746674865484238,0.2690000534057617,['комната'],"['вечер', '##ин', '##ок']","['из', '-', 'за', 'малого']"
56,Комната для вечеринок из-за малого количества мебели были просторными,SG-PL-PL,SG,PL,PL,0.07042235881090164,0.13526782393455505,['комната'],"['вечер', '##ин', '##ок']","['из', '-', 'за', 'малого']"
56,Комнаты для вечеринки из-за малого количества мебели была просторной,PL-SG-SG,PL,SG,SG,0.032816082239151,0.09711246937513351,['комнаты'],['вечеринки'],"['из', '-', 'за', 'малого']"
56,Комнаты для вечеринки из-за малого количества мебели были просторными,PL-SG-PL,PL,SG,PL,0.0543835423886776,0.3015632629394531,['комнаты'],['вечеринки'],"['из', '-', 'за', 'малого']"
56,Комнаты для вечеринок из-за малого количества мебели была просторной,PL-PL-SG,PL,PL,SG,0.05104578286409378,0.14781272411346436,['комнаты'],"['вечер', '##ин', '##ок']","['из', '-', 'за', 'малого']"
56,Комнаты для вечеринок из-за малого количества мебели были просторными,PL-PL-PL,PL,PL,PL,0.06876441091299057,0.26442432403564453,['комнаты'],"['вечер', '##ин', '##ок']","['из', '-', 'за', 'малого']"
57,Кондиционер для помещения из-за ошибки заводских сборщиков был неисправен,SG-SG-SG,SG,SG,SG,0.054060496389865875,0.3843098282814026,['кондиционер'],['помещения'],"['из', '-', 'за', 'ошибки']"
57,Кондиционер для помещения из-за ошибки заводских сборщиков были неисправны,SG-SG-PL,SG,SG,PL,0.04315219819545746,0.24687997996807098,['кондиционер'],['помещения'],"['из', '-', 'за', 'ошибки']"
57,Кондиционеры для помещения из-за ошибки заводских сборщиков был неисправен,PL-SG-SG,PL,SG,SG,0.025088366121053696,0.12910595536231995,"['кондиционер', '##ы']",['помещения'],"['из', '-', 'за', 'ошибки']"
57,Кондиционеры для помещения из-за ошибки заводских сборщиков были неисправны,PL-SG-PL,PL,SG,PL,0.05974465236067772,0.2976447343826294,"['кондиционер', '##ы']",['помещения'],"['из', '-', 'за', 'ошибки']"
58,Коробка для краски из-за экологических убеждений производителя была картонной,SG-SG-SG,SG,SG,SG,0.042814701795578,0.263014018535614,['коробка'],['краски'],"['из', '-', 'за', 'экологи', '##ческих']"
58,Коробка для краски из-за экологических убеждений производителя были картонными,SG-SG-PL,SG,SG,PL,0.030226346105337143,0.10397909581661224,['коробка'],['краски'],"['из', '-', 'за', 'экологи', '##ческих']"
58,Коробка для красок из-за экологических убеждений производителя была картонной,SG-PL-SG,SG,PL,SG,0.03255517780780792,0.2396683245897293,['коробка'],['красок'],"['из', '-', 'за', 'экологи', '##ческих']"
58,Коробка для красок из-за экологических убеждений производителя были картонными,SG-PL-PL,SG,PL,PL,0.026930291205644608,0.09888777881860733,['коробка'],['красок'],"['из', '-', 'за', 'экологи', '##ческих']"
58,Коробки для краски из-за экологических убеждений производителя была картонной,PL-SG-SG,PL,SG,SG,0.02666359767317772,0.0817301869392395,['коробки'],['краски'],"['из', '-', 'за', 'экологи', '##ческих']"
58,Коробки для краски из-за экологических убеждений производителя были картонными,PL-SG-PL,PL,SG,PL,0.031630028039216995,0.1729697734117508,['коробки'],['краски'],"['из', '-', 'за', 'экологи', '##ческих']"
58,Коробки для красок из-за экологических убеждений производителя была картонной,PL-PL-SG,PL,PL,SG,0.02096351608633995,0.07091496884822845,['коробки'],['красок'],"['из', '-', 'за', 'экологи', '##ческих']"
58,Коробки для красок из-за экологических убеждений производителя были картонными,PL-PL-PL,PL,PL,PL,0.028173238039016724,0.1581193506717682,['коробки'],['красок'],"['из', '-', 'за', 'экологи', '##ческих']"
59,Лекарство от болезни для отдельных категорий граждан было доступным,SG-SG-SG,SG,SG,SG,0.02629011683166027,0.6982675194740295,['лекарство'],['болезни'],"['для', 'от']"
59,Лекарство от болезни для отдельных категорий граждан были доступными,SG-SG-PL,SG,SG,PL,0.03323068097233772,0.4106425642967224,['лекарство'],['болезни'],"['для', 'от']"
59,Лекарства от болезни для отдельных категорий граждан было доступным,PL-SG-SG,PL,SG,SG,0.027201775461435318,0.5904383063316345,['лекарства'],['болезни'],"['для', 'от']"
59,Лекарства от болезни для отдельных категорий граждан были доступными,PL-SG-PL,PL,SG,PL,0.028936121612787247,0.42709779739379883,['лекарства'],['болезни'],"['для', 'от']"
60,Лимузин для свадьбы с яркими розовыми бантами был белым,SG-SG-SG,SG,SG,SG,0.06861072778701782,0.2871934771537781,"['лим', '##уз', '##ин']",['свадьбы'],"['с', 'яркими']"
60,Лимузин для свадьбы с яркими розовыми бантами были белыми,SG-SG-PL,SG,SG,PL,0.061652205884456635,0.16978572309017181,"['лим', '##уз', '##ин']",['свадьбы'],"['с', 'яркими']"
60,Лимузин для свадеб с яркими розовыми бантами был белым,SG-PL-SG,SG,PL,SG,0.11843063682317734,0.2417893409729004,"['лим', '##уз', '##ин']",['свадеб'],"['с', 'яркими']"
60,Лимузин для свадеб с яркими розовыми бантами были белыми,SG-PL-PL,SG,PL,PL,0.10637745261192322,0.14643502235412598,"['лим', '##уз', '##ин']",['свадеб'],"['с', 'яркими']"
60,Лимузины для свадьбы с яркими розовыми бантами был белым,PL-SG-SG,PL,SG,SG,0.06214306876063347,0.2654808461666107,"['лим', '##уз', '##ины']",['свадьбы'],"['с', 'яркими']"
60,Лимузины для свадьбы с яркими розовыми бантами были белыми,PL-SG-PL,PL,SG,PL,0.06716419756412506,0.23246252536773682,"['лим', '##уз', '##ины']",['свадьбы'],"['с', 'яркими']"
60,Лимузины для свадеб с яркими розовыми бантами был белым,PL-PL-SG,PL,PL,SG,0.10777341574430466,0.2522687613964081,"['лим', '##уз', '##ины']",['свадеб'],"['с', 'яркими']"
60,Лимузины для свадеб с яркими розовыми бантами были белыми,PL-PL-PL,PL,PL,PL,0.10408493876457214,0.21178166568279266,"['лим', '##уз', '##ины']",['свадеб'],"['с', 'яркими']"
61,Лозунг из листовки с целью привлечения внимания был придуман,SG-SG-SG,SG,SG,SG,0.17320023477077484,0.4463207721710205,"['лозун', '##г']","['листов', '##ки']","['с', 'целью']"
61,Лозунг из листовки с целью привлечения внимания были придуманы,SG-SG-PL,SG,SG,PL,0.1403479278087616,0.1828930824995041,"['лозун', '##г']","['листов', '##ки']","['с', 'целью']"
61,Лозунг из листовок с целью привлечения внимания был придуман,SG-PL-SG,SG,PL,SG,0.28131720423698425,0.40171539783477783,"['лозун', '##г']","['листов', '##ок']","['с', 'целью']"
61,Лозунг из листовок с целью привлечения внимания были придуманы,SG-PL-PL,SG,PL,PL,0.2240414023399353,0.19162225723266602,"['лозун', '##г']","['листов', '##ок']","['с', 'целью']"
61,Лозунги из листовки с целью привлечения внимания был придуман,PL-SG-SG,PL,SG,SG,0.1256513148546219,0.291781485080719,"['лозун', '##ги']","['листов', '##ки']","['с', 'целью']"
61,Лозунги из листовки с целью привлечения внимания были придуманы,PL-SG-PL,PL,SG,PL,0.15342925488948822,0.32084140181541443,"['лозун', '##ги']","['листов', '##ки']","['с', 'целью']"
61,Лозунги из листовок с целью привлечения внимания был придуман,PL-PL-SG,PL,PL,SG,0.2323591113090515,0.24736058712005615,"['лозун', '##ги']","['листов', '##ок']","['с', 'целью']"
61,Лозунги из листовок с целью привлечения внимания были придуманы,PL-PL-PL,PL,PL,PL,0.24804237484931946,0.2968057096004486,"['лозун', '##ги']","['листов', '##ок']","['с', 'целью']"
63,Материал для крыши из-за нарушения режима хранения был бракованным,SG-SG-SG,SG,SG,SG,0.09854641556739807,0.37169349193573,['материал'],['крыши'],"['из', '-', 'за', 'нарушения']"
63,Материал для крыши из-за нарушения режима хранения были бракованными,SG-SG-PL,SG,SG,PL,0.07852046936750412,0.20070908963680267,['материал'],['крыши'],"['из', '-', 'за', 'нарушения']"
63,Материал для крыш из-за нарушения режима хранения был бракованным,SG-PL-SG,SG,PL,SG,0.1238662526011467,0.4598150849342346,['материал'],"['кры', '##ш']","['из', '-', 'за', 'нарушения']"
63,Материал для крыш из-за нарушения режима хранения были бракованными,SG-PL-PL,SG,PL,PL,0.11330363154411316,0.2705860435962677,['материал'],"['кры', '##ш']","['из', '-', 'за', 'нарушения']"
63,Материалы для крыши из-за нарушения режима хранения был бракованным,PL-SG-SG,PL,SG,SG,0.055360663682222366,0.03598349168896675,['материалы'],['крыши'],"['из', '-', 'за', 'нарушения']"
63,Материалы для крыши из-за нарушения режима хранения были бракованными,PL-SG-PL,PL,SG,PL,0.0973854660987854,0.2710641622543335,['материалы'],['крыши'],"['из', '-', 'за', 'нарушения']"
63,Материалы для крыш из-за нарушения режима хранения был бракованным,PL-PL-SG,PL,PL,SG,0.07455284148454666,0.045412998646497726,['материалы'],"['кры', '##ш']","['из', '-', 'за', 'нарушения']"
63,Материалы для крыш из-за нарушения режима хранения были бракованными,PL-PL-PL,PL,PL,PL,0.11947688460350037,0.33371448516845703,['материалы'],"['кры', '##ш']","['из', '-', 'за', 'нарушения']"
64,Мотор для лодки с учётом пожеланий рыбаков был заказан,SG-SG-SG,SG,SG,SG,0.028522752225399017,0.2471633404493332,['мотор'],['лодки'],['с']
64,Мотор для лодки с учётом пожеланий рыбаков были заказаны,SG-SG-PL,SG,SG,PL,0.031981535255908966,0.20457598567008972,['мотор'],['лодки'],['с']
64,Мотор для лодок с учётом пожеланий рыбаков был заказан,SG-PL-SG,SG,PL,SG,0.02410840056836605,0.22896401584148407,['мотор'],['лодок'],['с']
64,Мотор для лодок с учётом пожеланий рыбаков были заказаны,SG-PL-PL,SG,PL,PL,0.02535678632557392,0.18647444248199463,['мотор'],['лодок'],['с']
64,Моторы для лодки с учётом пожеланий рыбаков был заказан,PL-SG-SG,PL,SG,SG,0.023110080510377884,0.13067705929279327,"['мотор', '##ы']",['лодки'],['с']
64,Моторы для лодки с учётом пожеланий рыбаков были заказаны,PL-SG-PL,PL,SG,PL,0.029928861185908318,0.20543411374092102,"['мотор', '##ы']",['лодки'],['с']
64,Моторы для лодок с учётом пожеланий рыбаков был заказан,PL-PL-SG,PL,PL,SG,0.01841607876121998,0.11810840666294098,"['мотор', '##ы']",['лодок'],['с']
64,Моторы для лодок с учётом пожеланий рыбаков были заказаны,PL-PL-PL,PL,PL,PL,0.023585502058267593,0.1901903748512268,"['мотор', '##ы']",['лодок'],['с']
65,Мяч для игры для детских дошкольных учреждений был разработан,SG-SG-SG,SG,SG,SG,0.06587450206279755,0.11997982114553452,['мяч'],['игры'],"['для', 'детских']"
65,Мяч для игры для детских дошкольных учреждений были разработаны,SG-SG-PL,SG,SG,PL,0.06720294058322906,0.11124687641859055,['мяч'],['игры'],"['для', 'детских']"
65,Мяч для игр для детских дошкольных учреждений был разработан,SG-PL-SG,SG,PL,SG,0.07783211022615433,0.11947616934776306,['мяч'],['игр'],"['для', 'детских']"
65,Мяч для игр для детских дошкольных учреждений были разработаны,SG-PL-PL,SG,PL,PL,0.07640037685632706,0.11492937803268433,['мяч'],['игр'],"['для', 'детских']"
65,Мячи для игры для детских дошкольных учреждений был разработан,PL-SG-SG,PL,SG,SG,0.09139816462993622,0.18556903302669525,"['мяч', '##и']",['##и'],"['для', 'детских']"
65,Мячи для игры для детских дошкольных учреждений были разработаны,PL-SG-PL,PL,SG,PL,0.08728468418121338,0.1816815733909607,"['мяч', '##и']",['##и'],"['для', 'детских']"
65,Мячи для игр для детских дошкольных учреждений был разработан,PL-PL-SG,PL,PL,SG,0.08749102801084518,0.18551772832870483,"['мяч', '##и']",['##и'],"['для', 'детских']"
65,Мячи для игр для детских дошкольных учреждений были разработаны,PL-PL-PL,PL,PL,PL,0.08175966143608093,0.18295137584209442,"['мяч', '##и']",['##и'],"['для', 'детских']"
66,Перелом из-за падения из-за преклонного возраста альпиниста был тяжёлым,SG-SG-SG,SG,SG,SG,0.21700048446655273,0.11757917702198029,['перелом'],['падения'],"['из', '-', 'за', 'прекло', '##нного']"
66,Перелом из-за падения из-за преклонного возраста альпиниста были тяжёлыми,SG-SG-PL,SG,SG,PL,0.2132716178894043,0.14303283393383026,['перелом'],['падения'],"['из', '-', 'за', 'прекло', '##нного']"
66,Перелом из-за падений из-за преклонного возраста альпиниста был тяжёлым,SG-PL-SG,SG,PL,SG,0.12432161718606949,0.09977240860462189,['перелом'],['пад'],"['из', '-', 'за', 'прекло', '##нного']"
66,Перелом из-за падений из-за преклонного возраста альпиниста были тяжёлыми,SG-PL-PL,SG,PL,PL,0.10161370784044266,0.1199948862195015,['перелом'],['пад'],"['из', '-', 'за', 'прекло', '##нного']"
66,Переломы из-за падения из-за преклонного возраста альпиниста был тяжёлым,PL-SG-SG,PL,SG,SG,0.19565556943416595,0.20166651904582977,"['перелом', '##ы']",['падения'],"['из', '-', 'за', 'прекло', '##нного']"
66,Переломы из-за падения из-за преклонного возраста альпиниста были тяжёлыми,PL-SG-PL,PL,SG,PL,0.26168936491012573,0.22961150109767914,"['перелом', '##ы']",['падения'],"['из', '-', 'за', 'прекло', '##нного']"
66,Переломы из-за падений из-за преклонного возраста альпиниста был тяжёлым,PL-PL-SG,PL,PL,SG,0.11462616920471191,0.17008553445339203,"['перелом', '##ы']",['пад'],"['из', '-', 'за', 'прекло', '##нного']"
66,Переломы из-за падений из-за преклонного возраста альпиниста были тяжёлыми,PL-PL-PL,PL,PL,PL,0.15966160595417023,0.1874157339334488,"['перелом', '##ы']",['пад'],"['из', '-', 'за', 'прекло', '##нного']"
67,Пристань для яхты из-за высоких штормовых волн была мокрой,SG-SG-SG,SG,SG,SG,0.1482434868812561,0.5692583322525024,"['приста', '##нь']","['ях', '##ты']","['из', '-', 'за', 'высоких']"
67,Пристань для яхты из-за высоких штормовых волн были мокрыми,SG-SG-PL,SG,SG,PL,0.091244176030159,0.3403542935848236,"['приста', '##нь']","['ях', '##ты']","['из', '-', 'за', 'высоких']"
67,Пристань для яхт из-за высоких штормовых волн была мокрой,SG-PL-SG,SG,PL,SG,0.12698546051979065,0.5990400910377502,"['приста', '##нь']","['ях', '##т']","['из', '-', 'за', 'высоких']"
67,Пристань для яхт из-за высоких штормовых волн были мокрыми,SG-PL-PL,SG,PL,PL,0.07608644664287567,0.3506464958190918,"['приста', '##нь']","['ях', '##т']","['из', '-', 'за', 'высоких']"
67,Пристани для яхты из-за высоких штормовых волн была мокрой,PL-SG-SG,PL,SG,SG,0.15669868886470795,0.41417208313941956,['пристани'],"['ях', '##ты']","['из', '-', 'за', 'высоких']"
67,Пристани для яхты из-за высоких штормовых волн были мокрыми,PL-SG-PL,PL,SG,PL,0.12417681515216827,0.39622193574905396,['пристани'],"['ях', '##ты']","['из', '-', 'за', 'высоких']"
67,Пристани для яхт из-за высоких штормовых волн была мокрой,PL-PL-SG,PL,PL,SG,0.14044059813022614,0.39759063720703125,['пристани'],"['ях', '##т']","['из', '-', 'за', 'высоких']"
67,Пристани для яхт из-за высоких штормовых волн были мокрыми,PL-PL-PL,PL,PL,PL,0.10990343987941742,0.3970224857330322,['пристани'],"['ях', '##т']","['из', '-', 'за', 'высоких']"
68,Пропуск из-за травмы с главным врачом команды был согласован,SG-SG-SG,SG,SG,SG,0.09140709787607193,0.2591093182563782,['пропуск'],['травмы'],"['с', 'главным']"
68,Пропуск из-за травмы с главным врачом команды были согласованы,SG-SG-PL,SG,SG,PL,0.0758047103881836,0.1135643795132637,['пропуск'],['травмы'],"['с', 'главным']"
68,Пропуск из-за травм с главным врачом команды был согласован,SG-PL-SG,SG,PL,SG,0.1392901986837387,0.24948161840438843,['пропуск'],['травм'],"['с', 'главным']"
68,Пропуск из-за травм с главным врачом команды были согласованы,SG-PL-PL,SG,PL,PL,0.11802417039871216,0.12375400215387344,['пропуск'],['травм'],"['с', 'главным']"
68,Пропуски из-за травмы с главным врачом команды был согласован,PL-SG-SG,PL,SG,SG,0.11840546131134033,0.23523078858852386,"['пропуск', '##и']",['травмы'],"['с', 'главным']"
68,Пропуски из-за травмы с главным врачом команды были согласованы,PL-SG-PL,PL,SG,PL,0.11415164172649384,0.2544446885585785,"['пропуск', '##и']",['травмы'],"['с', 'главным']"
68,Пропуски из-за травм с главным врачом команды был согласован,PL-PL-SG,PL,PL,SG,0.16511467099189758,0.2403619885444641,"['пропуск', '##и']",['травм'],"['с', 'главным']"
68,Пропуски из-за травм с главным врачом команды были согласованы,PL-PL-PL,PL,PL,PL,0.161321222782135,0.25526610016822815,"['пропуск', '##и']",['травм'],"['с', 'главным']"
69,Рассказ об аварии для усиления эмоционального напряжения был приукрашен,SG-SG-SG,SG,SG,SG,0.05574309825897217,0.21324601769447327,['рассказ'],['аварии'],"['для', 'усиления']"
69,Рассказ об аварии для усиления эмоционального напряжения были приукрашены,SG-SG-PL,SG,SG,PL,0.05122680962085724,0.27317652106285095,['рассказ'],['аварии'],"['для', 'усиления']"
69,Рассказы об аварии для усиления эмоционального напряжения был приукрашен,PL-SG-SG,PL,SG,SG,0.062344714999198914,0.21701090037822723,['рассказы'],['аварии'],"['для', 'усиления']"
69,Рассказы об аварии для усиления эмоционального напряжения были приукрашены,PL-SG-PL,PL,SG,PL,0.07746060937643051,0.197693333029747,['рассказы'],['аварии'],"['для', 'усиления']"
70,Репортаж для газеты после разрешения публичной огласки был написан,SG-SG-SG,SG,SG,SG,0.05251456797122955,0.23687535524368286,"['репор', '##таж']",['газеты'],"['после', 'разрешения']"
70,Репортаж для газеты после разрешения публичной огласки были написаны,SG-SG-PL,SG,SG,PL,0.05267804488539696,0.15428763628005981,"['репор', '##таж']",['газеты'],"['после', 'разрешения']"
70,Репортаж для газет после разрешения публичной огласки был написан,SG-PL-SG,SG,PL,SG,0.05679360032081604,0.25983282923698425,"['репор', '##таж']",['газет'],"['после', 'разрешения']"
70,Репортаж для газет после разрешения публичной огласки были написаны,SG-PL-PL,SG,PL,PL,0.05382484942674637,0.16110773384571075,"['репор', '##таж']",['газет'],"['после', 'разрешения']"
70,Репортажи для газеты после разрешения публичной огласки был написан,PL-SG-SG,PL,SG,SG,0.051831673830747604,0.16490869224071503,"['репор', '##таж', '##и']",['газеты'],"['после', 'разрешения']"
70,Репортажи для газеты после разрешения публичной огласки были написаны,PL-SG-PL,PL,SG,PL,0.05532465875148773,0.2526320815086365,"['репор', '##таж', '##и']",['газеты'],"['после', 'разрешения']"
70,Репортажи для газет после разрешения публичной огласки был написан,PL-PL-SG,PL,PL,SG,0.04139409586787224,0.12822166085243225,"['репор', '##таж', '##и']",['газет'],"['после', 'разрешения']"
70,Репортажи для газет после разрешения публичной огласки были написаны,PL-PL-PL,PL,PL,PL,0.05615042895078659,0.2548829913139343,"['репор', '##таж', '##и']",['газет'],"['после', 'разрешения']"
71,Скандал из-за статьи в глазах непосредственных участников был масштабным,SG-SG-SG,SG,SG,SG,0.25820034742355347,0.569884181022644,['скандал'],['статьи'],"['в', 'глазах']"
71,Скандал из-за статьи в глазах непосредственных участников были масштабными,SG-SG-PL,SG,SG,PL,0.17373403906822205,0.6634933948516846,['скандал'],['статьи'],"['в', 'глазах']"
71,Скандалы из-за статьи в глазах непосредственных участников был масштабным,PL-SG-SG,PL,SG,SG,0.16630245745182037,0.4807531237602234,"['скандал', '##ы']",['статьи'],"['в', 'глазах']"
71,Скандалы из-за статьи в глазах непосредственных участников были масштабными,PL-SG-PL,PL,SG,PL,0.18248489499092102,0.6874796748161316,"['скандал', '##ы']",['статьи'],"['в', 'глазах']"
72,Скидка от авиакомпании из-за недавнего крушения самолёта была беспрецедентной,SG-SG-SG,SG,SG,SG,0.1520031988620758,0.2344815731048584,['скидка'],"['авиакомпа', '##нии']","['из', '-', 'за', 'недавнего']"
72,Скидка от авиакомпании из-за недавнего крушения самолёта были беспрецедентными,SG-SG-PL,SG,SG,PL,0.10953433066606522,0.17764893174171448,['скидка'],"['авиакомпа', '##нии']","['из', '-', 'за', 'недавнего']"
72,Скидка от авиакомпаний из-за недавнего крушения самолёта была беспрецедентной,SG-PL-SG,SG,PL,SG,0.06205315142869949,0.2344815731048584,['скидка'],['авиакомпа'],"['из', '-', 'за', 'недавнего']"
72,Скидка от авиакомпаний из-за недавнего крушения самолёта были беспрецедентными,SG-PL-PL,SG,PL,PL,0.04019715636968613,0.17764893174171448,['скидка'],['авиакомпа'],"['из', '-', 'за', 'недавнего']"
72,Скидки от авиакомпании из-за недавнего крушения самолёта была беспрецедентной,PL-SG-SG,PL,SG,SG,0.10479490458965302,0.2887439429759979,['скидки'],"['авиакомпа', '##нии']","['из', '-', 'за', 'недавнего']"
72,Скидки от авиакомпании из-за недавнего крушения самолёта были беспрецедентными,PL-SG-PL,PL,SG,PL,0.14029432833194733,0.22429564595222473,['скидки'],"['авиакомпа', '##нии']","['из', '-', 'за', 'недавнего']"
72,Скидки от авиакомпаний из-за недавнего крушения самолёта была беспрецедентной,PL-PL-SG,PL,PL,SG,0.04398893564939499,0.2887439429759979,['скидки'],['авиакомпа'],"['из', '-', 'за', 'недавнего']"
72,Скидки от авиакомпаний из-за недавнего крушения самолёта были беспрецедентными,PL-PL-PL,PL,PL,PL,0.05380731076002121,0.22429564595222473,['скидки'],['авиакомпа'],"['из', '-', 'за', 'недавнего']"
73,Стекло для беседки из-за неосторожности пьяных грузчиков было разбито,SG-SG-SG,SG,SG,SG,0.1048457995057106,0.2235933393239975,['стекло'],"['бесед', '##ки']","['из', '-', 'за', 'нео', '##сторожно', '##сти']"
73,Стекло для беседки из-за неосторожности пьяных грузчиков были разбиты,SG-SG-PL,SG,SG,PL,0.08427327871322632,0.18328514695167542,['стекло'],"['бесед', '##ки']","['из', '-', 'за', 'нео', '##сторожно', '##сти']"
73,Стекло для беседок из-за неосторожности пьяных грузчиков было разбито,SG-PL-SG,SG,PL,SG,0.12500552833080292,0.23879101872444153,['стекло'],"['бесед', '##ок']","['из', '-', 'за', 'нео', '##сторожно', '##сти']"
73,Стекло для беседок из-за неосторожности пьяных грузчиков были разбиты,SG-PL-PL,SG,PL,PL,0.10494013875722885,0.19512297213077545,['стекло'],"['бесед', '##ок']","['из', '-', 'за', 'нео', '##сторожно', '##сти']"
74,Стол для трапезы на залитую солнцем террасу был вынесен,SG-SG-SG,SG,SG,SG,0.06601053476333618,0.41034996509552,['стол'],"['трап', '##езы']","['на', 'зали', '##тую']"
74,Стол для трапезы на залитую солнцем террасу были вынесены,SG-SG-PL,SG,SG,PL,0.048296473920345306,0.5512334704399109,['стол'],"['трап', '##езы']","['на', 'зали', '##тую']"
74,Стол для трапез на залитую солнцем террасу был вынесен,SG-PL-SG,SG,PL,SG,0.14404432475566864,0.411129355430603,['стол'],"['трап', '##ез']","['на', 'зали', '##тую']"
74,Стол для трапез на залитую солнцем террасу были вынесены,SG-PL-PL,SG,PL,PL,0.12861931324005127,0.5215267539024353,['стол'],"['трап', '##ез']","['на', 'зали', '##тую']"
74,Столы для трапезы на залитую солнцем террасу был вынесен,PL-SG-SG,PL,SG,SG,0.045418646186590195,0.45206886529922485,['столы'],"['трап', '##езы']","['на', 'зали', '##тую']"
74,Столы для трапезы на залитую солнцем террасу были вынесены,PL-SG-PL,PL,SG,PL,0.05739986151456833,0.3501701354980469,['столы'],"['трап', '##езы']","['на', 'зали', '##тую']"
74,Столы для трапез на залитую солнцем террасу был вынесен,PL-PL-SG,PL,PL,SG,0.12182281911373138,0.43806910514831543,['столы'],"['трап', '##ез']","['на', 'зали', '##тую']"
74,Столы для трапез на залитую солнцем террасу были вынесены,PL-PL-PL,PL,PL,PL,0.13068810105323792,0.33347442746162415,['столы'],"['трап', '##ез']","['на', 'зали', '##тую']"
75,Сувенир для акции в фирменном магазине команды был выбран,SG-SG-SG,SG,SG,SG,0.0800132006406784,0.7837458848953247,"['сувени', '##р']",['акции'],"['в', 'фирмен', '##ном']"
75,Сувенир для акции в фирменном магазине команды были выбраны,SG-SG-PL,SG,SG,PL,0.08702985942363739,0.36348679661750793,"['сувени', '##р']",['акции'],"['в', 'фирмен', '##ном']"
75,Сувениры для акции в фирменном магазине команды был выбран,PL-SG-SG,PL,SG,SG,0.048998165875673294,0.10189135372638702,"['сувени', '##ры']",['акции'],"['в', 'фирмен', '##ном']"
75,Сувениры для акции в фирменном магазине команды были выбраны,PL-SG-PL,PL,SG,PL,0.08869648724794388,0.3977033793926239,"['сувени', '##ры']",['акции'],"['в', 'фирмен', '##ном']"
76,Тень от лампы на высоких сводах храма была видна,SG-SG-SG,SG,SG,SG,0.5199101567268372,0.19133360683918,['тень'],['лампы'],"['на', 'высоких']"
76,Тень от лампы на высоких сводах храма были видны,SG-SG-PL,SG,SG,PL,0.4213126003742218,0.24155071377754211,['тень'],['лампы'],"['на', 'высоких']"
76,Тень от ламп на высоких сводах храма была видна,SG-PL-SG,SG,PL,SG,0.6636190414428711,0.17366644740104675,['тень'],['ламп'],"['на', 'высоких']"
76,Тень от ламп на высоких сводах храма были видны,SG-PL-PL,SG,PL,PL,0.5602570176124573,0.23961445689201355,['тень'],['ламп'],"['на', 'высоких']"
76,Тени от лампы на высоких сводах храма была видна,PL-SG-SG,PL,SG,SG,0.3531875014305115,0.48658958077430725,['тени'],['лампы'],"['на', 'высоких']"
76,Тени от лампы на высоких сводах храма были видны,PL-SG-PL,PL,SG,PL,0.3309476375579834,0.429043710231781,['тени'],['лампы'],"['на', 'высоких']"
76,Тени от ламп на высоких сводах храма была видна,PL-PL-SG,PL,PL,SG,0.4903550148010254,0.4210250973701477,['тени'],['ламп'],"['на', 'высоких']"
76,Тени от ламп на высоких сводах храма были видны,PL-PL-PL,PL,PL,PL,0.533328115940094,0.363309770822525,['тени'],['ламп'],"['на', 'высоких']"
77,Товар с витрины по сильно сниженной цене был продан,SG-SG-SG,SG,SG,SG,0.04325462877750397,0.47679978609085083,['товар'],"['вит', '##рины']","['по', 'с']"
77,Товар с витрины по сильно сниженной цене были проданы,SG-SG-PL,SG,SG,PL,0.041218988597393036,0.23215843737125397,['товар'],"['вит', '##рины']","['по', 'с']"
77,Товар с витрин по сильно сниженной цене был продан,SG-PL-SG,SG,PL,SG,0.05162028595805168,0.4983677864074707,['товар'],"['вит', '##рин']","['по', 'с']"
77,Товар с витрин по сильно сниженной цене были проданы,SG-PL-PL,SG,PL,PL,0.0422210656106472,0.28804442286491394,['товар'],"['вит', '##рин']","['по', 'с']"
77,Товары с витрины по сильно сниженной цене был продан,PL-SG-SG,PL,SG,SG,0.06587447971105576,0.32484447956085205,['товары'],"['вит', '##рины']","['по', 'с']"
77,Товары с витрины по сильно сниженной цене были проданы,PL-SG-PL,PL,SG,PL,0.08134626597166061,0.2535662055015564,['товары'],"['вит', '##рины']","['по', 'с']"
77,Товары с витрин по сильно сниженной цене был продан,PL-PL-SG,PL,PL,SG,0.05594200640916824,0.3864249587059021,['товары'],"['вит', '##рин']","['по', 'с']"
77,Товары с витрин по сильно сниженной цене были проданы,PL-PL-PL,PL,PL,PL,0.07698273658752441,0.3207954168319702,['товары'],"['вит', '##рин']","['по', 'с']"
78,Условие для задачи из-за избытка ненужных фактов было запутанным,SG-SG-SG,SG,SG,SG,0.14248806238174438,0.22167766094207764,['условие'],['задачи'],"['из', '-', 'за', 'из']"
78,Условие для задачи из-за избытка ненужных фактов были запутанными,SG-SG-PL,SG,SG,PL,0.10340040922164917,0.2004425823688507,['условие'],['задачи'],"['из', '-', 'за', 'из']"
78,Условие для задач из-за избытка ненужных фактов было запутанным,SG-PL-SG,SG,PL,SG,0.18701568245887756,0.1469891369342804,['условие'],['задач'],"['из', '-', 'за', 'из']"
78,Условие для задач из-за избытка ненужных фактов были запутанными,SG-PL-PL,SG,PL,PL,0.10347011685371399,0.1306619793176651,['условие'],['задач'],"['из', '-', 'за', 'из']"
78,Условия для задачи из-за избытка ненужных фактов было запутанным,PL-SG-SG,PL,SG,SG,0.11612866073846817,0.10457907617092133,['условия'],['задачи'],"['из', '-', 'за', 'из']"
78,Условия для задачи из-за избытка ненужных фактов были запутанными,PL-SG-PL,PL,SG,PL,0.11311951279640198,0.1273423731327057,['условия'],['задачи'],"['из', '-', 'за', 'из']"
78,Условия для задач из-за избытка ненужных фактов было запутанным,PL-PL-SG,PL,PL,SG,0.1284632384777069,0.0637521743774414,['условия'],['задач'],"['из', '-', 'за', 'из']"
78,Условия для задач из-за избытка ненужных фактов были запутанными,PL-PL-PL,PL,PL,PL,0.12622672319412231,0.1085466593503952,['условия'],['задач'],"['из', '-', 'за', 'из']"
79,Шаблон для таблицы для начинающих пользователей компьютера был удобным,SG-SG-SG,SG,SG,SG,0.045523546636104584,0.2307174950838089,"['шабло', '##н']",['таблицы'],"['для', '##н']"
79,Шаблон для таблицы для начинающих пользователей компьютера были удобными,SG-SG-PL,SG,SG,PL,0.06537677347660065,0.2405807375907898,"['шабло', '##н']",['таблицы'],"['для', '##н']"
79,Шаблон для таблиц для начинающих пользователей компьютера был удобным,SG-PL-SG,SG,PL,SG,0.09650535881519318,0.18769121170043945,"['шабло', '##н']","['табли', '##ц']","['для', '##н']"
79,Шаблон для таблиц для начинающих пользователей компьютера были удобными,SG-PL-PL,SG,PL,PL,0.16684752702713013,0.17567625641822815,"['шабло', '##н']","['табли', '##ц']","['для', '##н']"
79,Шаблоны для таблицы для начинающих пользователей компьютера был удобным,PL-SG-SG,PL,SG,SG,0.12227506935596466,0.2876199781894684,"['шабло', '##ны']",['таблицы'],"['для', 'начинающих']"
79,Шаблоны для таблицы для начинающих пользователей компьютера были удобными,PL-SG-PL,PL,SG,PL,0.1355503648519516,0.28124192357063293,"['шабло', '##ны']",['таблицы'],"['для', 'начинающих']"
79,Шаблоны для таблиц для начинающих пользователей компьютера был удобным,PL-PL-SG,PL,PL,SG,0.2571412920951843,0.20401909947395325,"['шабло', '##ны']","['табли', '##ц']","['для', 'начинающих']"
79,Шаблоны для таблиц для начинающих пользователей компьютера были удобными,PL-PL-PL,PL,PL,PL,0.3268851339817047,0.19852487742900848,"['шабло', '##ны']","['табли', '##ц']","['для', 'начинающих']"
80,Шрам после операции с помощью медицинского лазера был удалён,SG-SG-SG,SG,SG,SG,0.03428037837147713,0.07323839515447617,['шрам'],['операции'],"['с', 'помощью']"
80,Шрам после операции с помощью медицинского лазера были удалены,SG-SG-PL,SG,SG,PL,0.02910941280424595,0.06538805365562439,['шрам'],['операции'],"['с', 'помощью']"
80,Шрамы после операции с помощью медицинского лазера был удалён,PL-SG-SG,PL,SG,SG,0.028109736740589142,0.035205744206905365,"['шрам', '##ы']",['операции'],"['с', 'помощью']"
80,Шрамы после операции с помощью медицинского лазера были удалены,PL-SG-PL,PL,SG,PL,0.04193509742617607,0.09621831774711609,"['шрам', '##ы']",['операции'],"['с', 'помощью']"
